ExperimentTag,FunctionName,2025.0,2026.0,2027.0,2028.0,2029.0,2030.0,2031.0,2032.0,2033.0,2034.0,2035.0,2036.0,2037.0,2038.0,2039.0,2040.0,2041.0,2042.0,2043.0,2044.0,2045.0,2046.0,2047.0,2048.0,2049.0,2050.0,2051.0,2052.0,2053.0,2054.0,2055.0,2056.0,2057.0,2058.0,2059.0,2060.0,2061.0,2062.0,2063.0,2064.0,2065.0,2066.0,2067.0,2068.0,2069.0,2070.0,2071.0,2072.0,2073.0,2074.0,2075.0,2076.0,2077.0,2078.0,2079.0,2080.0,2081.0,2082.0,2083.0,2084.0,2085.0,2086.0,2087.0,2088.0,2089.0,2090.0,2091.0,2092.0,2093.0,2094.0,2095.0,2096.0,2097.0,2098.0,2099.0,2100.0,2101.0,2102.0,2103.0,2104.0,2105.0,2106.0,2107.0,2108.0,2109.0,2110.0,2111.0,2112.0,2113.0,2114.0,2115.0,2116.0,2117.0,2118.0,2119.0,2120.0,2121.0,2122.0,2123.0,2124.0,2125.0,2126.0,2127.0,2128.0,2129.0,2130.0,2131.0,2132.0,2133.0,2134.0,2135.0,2136.0,2137.0,2138.0,2139.0,2140.0,2141.0,2142.0,2143.0,2144.0,2145.0,2146.0,2147.0,2148.0,2149.0,2150.0,2151.0,2152.0,2153.0,2154.0,2155.0,2156.0,2157.0,2158.0,2159.0,2160.0,2161.0,2162.0,2163.0,2164.0,2165.0,2166.0,2167.0,2168.0,2169.0,2170.0,2171.0,2172.0,2173.0,2174.0,2175.0,2176.0,2177.0,2178.0,2179.0,2180.0,2181.0,2182.0,2183.0,2184.0,2185.0,2186.0,2187.0,2188.0,2189.0,2190.0,2191.0,2192.0,2193.0,2194.0,2195.0,2196.0,2197.0,2198.0,2199.0,2200.0,2201.0,2202.0,2203.0,2204.0,2205.0,2206.0,2207.0,2208.0,2209.0,2210.0,2211.0,2212.0,2213.0,2214.0,2215.0,2216.0,2217.0,2218.0,2219.0,2220.0,2221.0,2222.0,2223.0,2224.0,2225.0,2226.0,2227.0,2228.0,2229.0,2230.0,2231.0,2232.0,2233.0,2234.0,2235.0,2236.0,2237.0,2238.0,2239.0,2240.0,2241.0,2242.0,2243.0,2244.0,2245.0,2246.0,2247.0,2248.0,2249.0,2250.0,2251.0,2252.0,2253.0,2254.0,2255.0,2256.0,2257.0,2258.0,2259.0,2260.0,2261.0,2262.0,2263.0,2264.0,2265.0,2266.0,2267.0,2268.0,2269.0,2270.0,2271.0,2272.0,2273.0,2274.0
"Figs3-5, disc 0.03, temp0 971.25, tau 1.0, ffi removal, Wpt fitted, 2025-2125",SMDAMAGE Carbon calibrated,9992.1229,9992.1229,9992.1229,9992.1229,9992.1229,9992.1229,9992.1229,9934.8819,9934.8819,9934.8819,9934.8819,9934.8819,9934.8819,9934.8819,9877.641,9877.641,9877.641,9877.641,9877.641,9816.8225,9816.8225,9816.8225,9816.8225,9816.8225,9748.8489,9748.8489,9748.8489,9748.8489,9691.6079,9691.6079,9691.6079,9691.6079,9634.367,9634.367,9634.367,9634.367,9555.6607,9555.6607,9555.6607,9494.8422,9494.8422,9494.8422,9434.0236,9434.0236,9369.6276,9369.6276,9308.8091,9308.8091,9233.6803,9233.6803,9165.7067,9165.7067,9108.4658,9029.7595,9029.7595,8768.5976,8389.3764,8324.9803,8324.9803,8257.0067,7291.0657,7240.9798,7176.5838,6940.4649,6833.1381,6779.4747,6729.3889,6672.1479,6629.2172,6579.1314,6532.6231,6482.5373,6432.4515,6382.3656,6282.194,6228.5306,5935.1707,5885.0849,5781.3357,5731.2499,5638.2333,5487.9758,5394.9593,5291.2101,5098.0219,4954.9195,4815.3947,4522.0348,4908.4112,4468.3715,4182.1667,4182.1667,4110.6155,4060.5297,4060.5297,4139.236,6629.2172,9634.367,9555.6607,9555.6607,9494.8422,9494.8422,9494.8422,9434.0236,9434.0236,9369.6276,9369.6276,9308.8091,9233.6803,9233.6803,9165.7067,9165.7067,9108.4658,9029.7595,9029.7595,8768.5976,8768.5976,8895.733,9029.7595,8909.5355,8932.8361,8768.5976,8768.5976,8730.2319,8695.1543,8497.061,8590.7265,8838.3362,8994.084,8955.2973,8923.0383,8878.8298,8784.2323,8800.08,8964.5081,8861.6979,8768.5976,8768.5976,8831.5638,8786.3503,8768.5976,8740.5154,8768.5976,8803.812,8811.0695,8768.5976,8633.5522,8768.5976,8757.6594,8768.5976,8768.5976,8768.5976,8703.8508,8672.0696,8758.3627,8663.2858,8699.7797,8424.3108,8768.5976,8515.4425,8526.7756,8537.1015,8389.3764,8389.3764,8324.9803,8324.9803,8768.5976,9026.462,8768.5976,8767.579,8768.5976,8640.7857,8629.2889,8768.5976,8768.5976,8768.5976,8768.5976,8681.9962,8768.5976,8759.6954,8748.1631,8706.5076,8650.2501,8581.0168,8565.9964,8544.9129,8706.3142,8607.1269,8611.2508,8704.7848,8572.1778,8609.0567,8591.5605,8733.601,8661.6436,8758.9142,8718.9294,8605.5345,8712.344,8768.5976,8768.5976,8768.5976,8768.5976,8710.1646,8768.5976,8799.5584,8791.4024,8860.2984,8896.3744,8969.132,8876.9873,8845.8966,8876.5497,8900.9113,8979.88,9029.7595,9029.7595,8893.3097,9029.7595,9000.6894,9108.4658,9165.7067,9159.8516,9165.7067,9233.6803,9173.306,9369.6276,9434.0236,9434.0236,9308.8091,9308.8091,9244.293,9233.6803,9233.6803,9165.7067,9137.4991,9108.4658,9029.7595,9029.7595,9029.7595,8458.9426,9108.4658,8389.3764,8324.9803,8324.9803,8257.0067,8257.0067,8257.0067,8324.9803,9748.8489
"Figs3-5, disc 0.03, temp0 971.25, tau 1.0, ffi removal, Wpt fitted, 2025-2125",SMDAMAGE yearly revenue calibrated,56761.36292937413,55516.67008971366,54418.69459147983,53694.189924037775,51779.037840211044,50555.88880353222,49778.91865050934,47835.16185876892,47303.06022359372,46128.68849364339,44252.77269187664,43097.24149712248,42274.44124207386,40218.16081482907,38975.30694519801,38132.67686229198,37547.72408495671,35703.55999424202,34217.65743017434,33467.00815766299,33140.193979374686,31634.341926269328,30469.940961409487,28749.3837479496,26685.962853470053,24857.438787207386,23088.383886748878,21131.630902922858,19377.768729891024,17730.310450891753,16044.302874387957,14306.372271333752,12136.735004942537,10056.561530378178,8241.336575635694,6298.146950991487,4002.2322820452437,1846.5026972232772,-48.6166657900294,-3572.1880972984345,-5301.813493067243,-6976.308137572736,-8696.83687693522,-9942.24912794387,-11925.769798885114,-12864.998111316614,-14797.77975353962,-16859.73602693345,-19076.462840382133,-20471.686475207785,-21840.53024510377,-22411.114200677348,-24520.46476687962,-27562.861491570893,-28783.378711925878,-32096.792154948424,-35911.604944895356,-38107.44477394476,-40344.95273296293,-42068.81616502706,-51016.81739638785,-52759.85351101241,-55990.943262713736,-58872.453334853344,-59036.199621609725,-59424.21050407141,-59583.122013204615,-59821.069485483975,-59518.98084141764,-59853.53985159847,-59385.90764633009,-58997.285473929966,-57511.095717287455,-54657.130250968316,-52166.860439337615,-49421.07576296825,-44867.63189349539,-41890.75352335995,-37937.04349938492,-33900.85263175864,-30694.282135382047,-27541.550798082055,-22506.801824592843,-18583.82442494474,-15472.941737911198,-13319.939332704009,-8799.441280420602,-6352.29995918729,1939.3423259841165,1498.0162459886851,2929.3313377094073,7294.132855904976,8954.146972727965,10496.297826286405,11405.36294312742,12003.024834040305,18052.29729796142,9163.850577059804,8730.415916014352,8256.389717850445,7526.59559132669,5918.007859353269,5838.848774621214,5887.54510788153,5953.828895197692,5956.278725973624,6014.038862371998,6126.621667309179,6153.405225433428,6071.054683875694,6297.959099598289,6526.352586679968,6534.872714850318,6686.022668039211,6758.193200716374,6484.673022222672,6596.207061282049,6135.795408003458,6101.369208831976,5844.403310262295,5721.08801687271,5498.788039360075,5568.399458874674,5405.481780934788,5228.71919961424,4883.605045170739,4828.147601083078,4579.726300728111,4567.286550280081,4400.737352458159,4243.907402662207,4050.9668801546486,3834.2566117318843,3721.6716602837946,3730.1392227098286,3560.0043523881695,3500.673993595198,3291.483034361654,3207.5303697980717,3085.6408339652094,3111.4075444915534,3087.905432517456,2956.3463417861135,2737.7172549227143,2664.0406047733354,2689.928303080357,2621.6225452376843,2560.761723601453,2514.9358290476557,2395.475117873041,2343.6118354888004,2327.3969150966254,2240.5721822646165,2162.804896175783,2129.410613162807,2031.2385538564827,1987.467863650873,1825.7978071879227,1900.2834330283486,1766.3311316264671,1726.5266924573325,1682.745411792688,1623.7209861958102,1618.1366237846828,1597.3285969266703,1582.395445833215,1487.9650853137584,1474.2845379674966,1395.066720738818,1418.905226938455,1345.180525689023,1294.8191741401222,1264.9651688409936,1198.095546942975,1169.3052060585235,1192.5802578709788,1144.2108563345832,1114.3151523835943,1082.4784937511013,1068.795203112583,1042.3974289735695,1007.6460261771682,969.7248547847599,929.5394782117676,907.3246084555573,882.9889670142868,885.4418475214351,844.782740409629,828.3301510697707,819.9568993719009,780.0701930941334,766.3756379339072,748.2420707345266,749.1424465004138,720.1776299827477,717.826147420851,697.2033757347592,666.348778708526,667.8819282170625,653.195700393816,620.4119317999775,614.4107893810453,599.8732965778811,597.089180852057,591.0427146703746,548.9361012376901,536.6120047895904,532.372939775333,522.2258081176086,515.9434645756485,498.51334595897697,485.5644726199319,476.9858124377756,469.3171776827666,464.69823101148967,438.4153024842718,424.55652050117135,427.23776489169114,425.62187261016743,413.80163021058445,374.09036116672706,354.28489333503677,348.5092931461588,316.53804806271324,301.10903177262617,293.282286686519,244.3189064119117,220.99985499601402,223.44835944185309,245.1470536690913,238.63044514540059,235.66813616426305,239.80178428629247,242.56618249850598,242.28551042316798,244.66837580127026,246.03668586353135,242.700463075281,235.55262052863554,237.1204523466949,238.04161186915232,236.61625321988717,235.0829287141195,244.30210967654682,240.84678558092236,235.81686249970167,233.21766032533296,226.8969832301106,216.45799278939253,108.46619853267268
"Figs3-5, disc 0.03, temp0 971.25, tau 1.0, ffi removal, Wpt fitted, 2025-2125",SMDAMAGE actual temp calibrated,974.3297038,979.7065649,986.481778,994.079666,1010.6112139999999,1046.680165,1084.67426,1123.5029299999999,1162.45104,1201.4902499999998,1241.15731,1278.9373,1313.32874,1351.7914999999998,1387.9550199999999,1423.33081,1458.13818,1491.44247,1523.87946,1555.21326,1585.51729,1615.4173700000001,1644.9206,1673.99011,1702.54291,1727.5233199999998,1752.1305499999999,1776.3346499999998,1800.01675,1823.03676,1845.63797,1867.85755,1889.6092199999998,1910.56695,1931.01078,1950.58772,1969.246,1986.8931499999999,2003.68695,2020.03375,2035.64835,2050.23855,2063.78725,2076.47835,2088.2503500000003,2099.01235,2109.0418499999996,2118.0765499999998,2126.41675,2133.91985,2140.4420499999997,2145.69985,2149.99055,2153.50965,2156.09435,2157.77445,2158.47835,2158.1120499999997,2156.51865,2153.66145,2149.07145,2142.6943499999998,2135.18545,2126.52915,2115.95665,2102.2671499999997,2087.10695,2070.67485,2052.6118500000002,2033.0572499999998,2012.1784499999999,1990.26705,1967.6474699999999,1943.38281,1918.21455,1892.0589,1864.8321,1836.60874,1807.53042,1777.42378,1746.12261,1713.1103699999999,1678.7788099999998,1643.67479,1607.97127,1571.4751,1533.89286,1495.62315,1456.82809,1416.90861,1376.50142,1335.48534,1294.2832799999999,1253.67491,1211.88151,1169.65482,1127.90924,1086.39734,1045.7300229999998,1006.109745,971.24975,951.424642,942.380961,936.4723059999999,933.092045,931.3728759999999,932.0058779999999,933.8072139999999,934.738487,937.2190879999999,941.493471,945.317141,949.1529559999999,952.3643649999999,955.5914489999999,958.74281,961.6149918,964.2772994999999,966.7973721999999,969.0283605999999,970.6867487899999,971.2497500000002,971.10481854,971.24975,971.2497500000001,971.24975,971.200022187,971.2497500000002,971.2497500000003,971.2497500000002,971.2497500000001,971.24975,971.08733002,971.24975,971.24975,971.24975,971.24975,971.2497500000002,971.24975,971.2497499999998,971.2497500000001,971.24975,971.2497500000002,971.2497500000001,971.2497500000003,971.239561807,971.24975,971.24975,971.1713822109999,971.2430793062999,971.2497499999998,971.2497499999998,971.2385370129999,971.2497500000002,971.2497500000001,971.213082142,971.24975,971.24975,971.2497500000001,971.2497499999998,971.24975,971.2497500000002,970.9790742099999,971.24975,971.2497500000003,971.2497500000001,971.24934184924,971.2497499999997,971.1904683079999,971.00997364,971.24975,971.08522546,971.24975,971.1431013199999,971.24975,971.2469889516,971.24975,971.2497499999996,971.0782689099999,971.08104096,971.2497500000001,971.2476821674,971.24975,971.212968449,971.2497500000002,971.24975,971.2497499999998,971.2497500000001,971.2497500000002,971.2497500000002,971.2497500000001,971.2497499999998,971.24975,971.24975,971.2497499999998,971.2497500000002,971.24975,971.2497499999996,971.2497499999997,971.24975,971.2497499999998,971.24975,971.24975,971.2497499999998,971.2497500000002,971.2134309959999,971.24975,971.174735607,971.24975,971.2497500000001,971.2497499999998,971.2497500000002,971.2497500000002,971.2497499999997,971.2497500000001,971.2497500000005,971.2497499999998,971.2497499999995,971.2497499999998,971.2497499999995,971.24975,971.204773641,971.200750429,971.2497500000002,971.2497499999996,971.2432906559,971.2456171102999,971.24975,971.0022602099999,970.9202488999999,971.24975,970.74139281,970.8018109,971.0380222699999,971.24975,971.192156492,971.1646420259999,971.1817500579999,971.24975,971.2026143209999,971.14853006,971.2497499999998,971.2497499999997,971.2497499999998,970.96070899,970.5324061299999,971.24975,970.47359072,970.0099673,970.0216792
"Figs3-5, disc 0.03, temp0 971.25, tau 1.0, ffi removal, Wpt fitted, 2025-2125",SMDAMAGE taxed temp calibrated,974.3297038,979.7065649,986.481778,994.079666,1010.6112139999999,1046.680165,1084.67426,1123.5029299999999,1162.45104,1201.4902499999998,1241.15731,1278.9373,1313.32874,1351.7914999999998,1387.9550199999999,1423.33081,1458.13818,1491.44247,1523.87946,1555.21326,1585.51729,1615.4173700000001,1644.9206,1673.99011,1702.54291,1727.5233199999998,1752.1305499999999,1776.3346499999998,1800.01675,1823.03676,1845.63797,1867.85755,1889.6092199999998,1910.56695,1931.01078,1950.58772,1969.246,1986.8931499999999,2003.68695,2020.03375,2035.64835,2050.23855,2063.78725,2076.47835,2088.2503500000003,2099.01235,2109.0418499999996,2118.0765499999998,2126.41675,2133.91985,2140.4420499999997,2145.69985,2149.99055,2153.50965,2156.09435,2157.77445,2158.47835,2158.1120499999997,2156.51865,2153.66145,2149.07145,2142.6943499999998,2135.18545,2126.52915,2115.95665,2102.2671499999997,2087.10695,2070.67485,2052.6118500000002,2033.0572499999998,2012.1784499999999,1990.26705,1967.6474699999999,1943.38281,1918.21455,1892.0589,1864.8321,1836.60874,1807.53042,1777.42378,1746.12261,1713.1103699999999,1678.7788099999998,1643.67479,1607.97127,1571.4751,1533.89286,1495.62315,1456.82809,1416.90861,1376.50142,1335.48534,1294.2832799999999,1253.67491,1211.88151,1169.65482,1127.90924,1086.39734,1045.7300229999998,1006.109745,971.24975,951.424642,942.380961,936.4723059999999,933.092045,931.3728759999999,932.0058779999999,933.8072139999999,934.738487,937.2190879999999,941.493471,945.317141,949.1529559999999,952.3643649999999,955.5914489999999,958.74281,961.6149918,964.2772994999999,966.7973721999999,969.0283605999999,970.6867487899999,971.24975,971.10481854,971.24975,971.24975,971.24975,971.200022187,971.24975,971.24975,971.24975,971.24975,971.24975,971.08733002,971.24975,971.24975,971.24975,971.24975,971.24975,971.24975,971.24975,971.24975,971.24975,971.24975,971.24975,971.24975,971.239561807,971.24975,971.24975,971.1713822109999,971.2430793062999,971.24975,971.24975,971.2385370129999,971.24975,971.24975,971.213082142,971.24975,971.24975,971.24975,971.24975,971.24975,971.24975,970.9790742099999,971.24975,971.24975,971.24975,971.24934184924,971.24975,971.1904683079999,971.00997364,971.24975,971.08522546,971.24975,971.1431013199999,971.24975,971.2469889516,971.24975,971.24975,971.0782689099999,971.08104096,971.24975,971.2476821674,971.24975,971.212968449,971.24975,971.24975,971.24975,971.24975,971.24975,971.24975,971.24975,971.24975,971.24975,971.24975,971.24975,971.24975,971.24975,971.24975,971.24975,971.24975,971.24975,971.24975,971.24975,971.24975,971.24975,971.2134309959999,971.24975,971.174735607,971.24975,971.24975,971.24975,971.24975,971.24975,971.24975,971.24975,971.24975,971.24975,971.24975,971.24975,971.24975,971.24975,971.204773641,971.200750429,971.24975,971.24975,971.2432906559,971.2456171102999,971.24975,971.0022602099999,970.9202488999999,971.24975,970.74139281,970.8018109,971.0380222699999,971.24975,971.192156492,971.1646420259999,971.1817500579999,971.24975,971.2026143209999,971.14853006,971.24975,971.24975,971.24975,970.96070899,970.5324061299999,971.24975,970.47359072,970.0099673,970.0216792
"Figs3-5, disc 0.03, temp0 971.25, tau 1.5, ffi removal, Wpt fitted, 2025-2125",SMDAMAGE Carbon calibrated,9816.8225,9816.8225,9816.8225,9816.8225,9748.8489,9748.8489,9748.8489,9748.8489,9748.8489,9691.6079,9691.6079,9691.6079,9691.6079,9634.367,9634.367,9634.367,9555.6607,9555.6607,9555.6607,9494.8422,9434.0236,9434.0236,9434.0236,9369.6276,9369.6276,9369.6276,9308.8091,9308.8091,9233.6803,9233.6803,9165.7067,9165.7067,9108.4658,9108.4658,9029.7595,9029.7595,8768.5976,8768.5976,8389.3764,8324.9803,8324.9803,8257.0067,7291.0657,7240.9798,7240.9798,7176.5838,6940.4649,6886.8015,6833.1381,6779.4747,6729.3889,6629.2172,6579.1314,6532.6231,6482.5373,6382.3656,6332.2798,6282.194,6178.4448,6081.8507,5981.679,5885.0849,5781.3357,5684.7416,5588.1475,5437.89,5337.7183,5244.7018,5144.5301,5047.936,4954.9195,4865.4805,4772.464,4672.2923,4568.5431,4468.3715,4024.7541,3963.9356,3903.1171,3835.1435,3792.2128,3459.4998,3355.7505,3280.6218,3105.3214,3008.7273,2897.823,2676.0143,2969.3741,2647.3938,2439.8954,2432.7403,2425.5851,2418.43,2418.43,2432.7403,5394.9593,9494.8422,9434.0236,9434.0236,9691.6079,9691.6079,9634.367,9634.367,9634.367,9555.6607,9555.6607,9494.8422,9494.8422,9434.0236,9434.0236,9369.6276,9369.6276,9308.8091,9308.8091,9233.6803,9233.6803,9233.6803,9233.6803,9233.6803,9165.7067,9108.4658,9108.4658,9029.7595,8768.5976,8768.5976,8768.5976,9165.7067,9233.6803,9233.6803,9165.7067,9165.7067,9108.4658,9029.7595,9165.7067,9140.3439,9108.4658,9029.7595,9093.7081,9047.5604,9029.7595,9008.7919,9029.7595,9108.4658,9029.7595,9029.7595,8788.793,9022.9361,9011.3502,9029.7595,9029.7595,9002.7591,8945.6723,8839.5189,8903.1602,8837.1351,8768.5976,8767.7447,8768.5976,8674.0095,8635.9714,8644.6683,8494.6574,8389.3764,8324.9803,8324.9803,9029.7595,9108.4658,9029.7595,9029.7595,8880.9133,8768.5976,8743.5881,9029.7595,9029.7595,8988.2478,8806.0549,8768.5976,8873.9526,8807.3555,8858.8257,8768.5976,8658.2046,8585.292,8597.3789,8579.2236,8768.5976,8768.5976,8768.5976,8768.5976,8768.5976,8768.5976,8768.5976,8781.1458,8932.5308,8923.3924,8833.4498,8768.5976,8869.5992,8975.6231,8978.28,9029.7595,9029.7595,8867.851,8984.7725,9029.7595,9029.7595,9094.5989,9066.052,9093.7132,9035.0547,9029.7595,9029.7595,9029.7595,9165.7067,9233.6803,9165.7067,9108.4658,9153.338,9165.7067,9338.8954,9434.0236,9434.0236,9494.8422,9555.6607,9555.6607,9634.367,9691.6079,9634.367,9555.6607,9555.6607,9494.8422,9494.8422,9493.4659,9434.0236,9369.6276,9369.6276,9308.8091,9233.6803,9233.6803,9108.4658,9233.6803,9108.4658,8768.5976,8768.5976,8768.5976,8768.5976,8768.5976,8768.5976,9877.641
"Figs3-5, disc 0.03, temp0 971.25, tau 1.5, ffi removal, Wpt fitted, 2025-2125",SMDAMAGE yearly revenue calibrated,98052.22132605572,96600.34845710122,95461.80994968837,93451.82447093428,90972.08476619566,89367.22786553932,88197.04523428973,85323.62105889627,84729.9245049877,81947.19424624696,79085.41504239428,77726.56757674126,75921.4231385256,72921.71704046085,71109.07803876117,70473.58705215147,68418.36527165963,66196.45224430418,64010.66307144234,62648.338793789204,61430.21924570697,59174.094824686115,57500.43488933096,54280.95251169619,51930.36054663356,49831.94601798425,46514.48565966897,44047.02813904185,40533.24383237824,37672.859273883296,34361.373831759076,31387.420050976463,27342.576474578655,24917.311846001972,20131.06709241442,17270.434368591395,11394.229015957782,8221.072561151934,-720.4564478463817,-3960.3795813073903,-8396.17764880537,-11713.165827401386,-26652.081743875322,-28974.502933102955,-30983.54366156458,-33181.00312153846,-38419.22377536766,-41956.372471911316,-45251.92612047048,-48340.23707339128,-49965.94402635386,-52021.79361316021,-56176.903373785266,-59285.045761016176,-61680.06547804595,-65770.73279557213,-68309.32711451585,-71172.39879150571,-73626.16759191862,-74419.88742756649,-75261.37491139266,-75996.05250887552,-77527.35389358136,-77986.55221227347,-77495.9031274357,-78492.9168328036,-77994.61294566163,-79898.31532687272,-79796.98451336042,-79533.48069227603,-80206.50915215244,-80432.38869580842,-77680.89432589192,-74577.39475834125,-71142.52359708615,-67800.09758125992,-65644.91115270599,-60288.86058194219,-54890.822243330804,-49118.843613699646,-43489.03221799245,-42971.54363088474,-38753.619838439154,-34334.22583393073,-30930.435803939654,-27547.623851265795,-22069.850522113775,-19352.615871188555,-4877.093661810837,-6506.025650926771,-5975.2103279324965,-1778.7552973328493,2262.2713733636265,4173.152330414705,5389.1688619213965,6697.553127632082,29849.524676396173,13891.52728740896,13403.688328623677,12873.333961208255,7701.756979324999,5590.96748190456,5453.872959755098,5453.851353704279,5450.276224562898,5396.333703902439,5409.878467641722,5533.004759685305,5603.103592364177,5463.002769472545,5578.48099044191,5609.7865118875325,5708.234146041423,5697.721718048552,5761.901535485269,5722.21183212819,5757.966731394524,5340.8886461139955,5433.7533029041515,5184.121720134528,5461.61597550539,5631.351186584907,5699.923942376308,5610.311280215284,5422.060076150801,5499.543582641643,5329.987413053354,4400.771857825079,3876.12514159214,3940.1569706948712,3893.1871663893935,3905.8489835229398,3865.2740787479806,3898.1193268892016,3556.8061203494335,3462.575725087007,3535.000965618232,3489.490944325341,3364.7961487411776,3211.644922885843,3216.588621514606,3181.308689267661,2938.3108594418313,2848.884940757685,2771.576885290007,2691.9594973777594,2636.69994491716,2653.629624803058,2576.3759293992152,2494.2433239430297,2365.4049886016783,2357.266076351571,2262.8529498574703,2147.999800293363,2109.8742664228143,2017.588232711245,2018.4811673044162,2055.457635838094,1904.880531558762,1924.2339721163453,1866.8333591679777,1821.9169131603085,1721.413149877953,1682.7757690681817,1691.1825465617567,1644.3629362435304,1538.410606627618,1433.725743020031,1427.819182348298,1450.1500717283595,1382.8292128323862,1355.0611355157146,1355.7314089728586,1289.8883811482358,1241.934995764316,1225.1765228870067,1150.4122673662628,1153.5154315649438,1101.2854834108555,1063.541051962743,1045.692091188274,1032.6523987859312,1027.5834125568258,989.2918745187777,970.8877354186434,944.5427569343725,935.6950924762165,922.3840403229852,898.1183450209747,867.16004564156,856.084730293756,837.9289186069811,825.7903457987674,763.6252515645181,765.1116594299431,743.7824116195667,717.3345525963157,701.5977857867666,693.1681550570156,692.5853620347787,679.5044173387304,662.7610110594372,641.3989638055577,627.4959500314839,629.1145677885387,603.0019278975041,581.1033291539733,574.8383454284555,559.6601327007647,550.6044536359303,535.221713394243,525.5393277016967,515.9827428348899,504.85307209330216,458.98899459766164,426.11437708862576,432.21942120041473,437.76635590104394,427.95832534514506,406.22138198138316,344.2386503175237,311.0444796724364,301.8916733468078,259.29613744987205,237.0472470475501,229.49581447032205,195.26946726204395,178.19068881468684,175.28694839353565,197.38261959652783,195.89594931345073,193.70922035933646,196.20943615708663,197.20135738374077,200.27244622295626,203.89179720474243,206.10071341812184,208.6508875017875,209.76423315025315,217.65784715873798,233.04506677959859,210.7285173378824,230.7106929002808,231.37096735130643,227.00930230768117,224.10029096467957,221.5040504623729,215.22013325502581,203.0470146992526,90.08622783699197
"Figs3-5, disc 0.03, temp0 971.25, tau 1.5, ffi removal, Wpt fitted, 2025-2125",SMDAMAGE actual temp calibrated,974.0589399999999,978.9599029,985.135723,992.059809,1007.6200339999999,1042.112977,1078.45141,1115.5698499999999,1152.7817499999999,1190.0716,1227.9112,1263.90373,1296.66056,1333.23963,1367.3806299999999,1400.65599,1433.29773,1464.58851,1494.83545,1523.95814,1551.9242399999998,1579.21544,1605.95307,1632.06362,1657.31527,1678.84337,1699.81691,1720.26498,1739.85153,1758.70658,1777.13792,1794.97911,1812.17158,1828.6156,1844.4380299999998,1859.07988,1872.4394699999998,1884.70661,1896.02182,1906.41964,1915.70501,1923.41642,1929.64066,1934.13743,1937.61088,1939.6520099999998,1939.74802,1936.7510499999999,1932.75633,1927.7032,1921.2371699999999,1912.78296,1903.14295,1892.67671,1881.3993999999998,1868.56869,1854.42702,1839.18637,1822.8225,1805.15234,1786.1958599999998,1766.05396,1744.67407,1722.1538999999998,1698.2089299999998,1672.6435299999998,1645.69642,1617.77457,1588.3424,1557.42506,1524.98767,1491.23596,1456.2929399999998,1420.1299,1382.98639,1344.68354,1305.46894,1265.4278199999999,1224.42037,1182.56432,1139.2681,1093.9353999999998,1047.614517,1000.5671319999999,953.1642429999999,904.854397,855.1079699999999,804.7707499999999,754.16513,702.52134,650.6943699999999,598.30256,545.96488,494.46550999999994,442.01734999999996,389.18507,336.8968699999999,285.11302,234.27247999999997,184.4889599999999,140.4457799999999,114.68364999999994,103.04071999999996,95.31328999999994,90.78175999999996,89.24619999999993,90.5640699999999,93.41084999999998,95.38346999999999,99.27076,105.60213999999996,111.32626999999991,117.15972999999997,123.05334999999991,128.96407,135.00555999999995,140.8673799999999,146.6942499999999,152.59767,158.49761999999998,164.22151999999994,168.6773199999999,171.53611999999998,174.55716999999993,177.49311,180.15477999999996,182.90913,185.57566999999995,187.76514999999995,189.63272999999992,191.74322999999993,193.91685999999993,196.62608999999998,199.48397999999997,202.31637999999998,205.11203,207.9766199999999,210.59431999999993,213.0436299999999,215.29652999999996,217.86649999999997,220.31097999999997,222.49226999999996,224.63610999999992,226.68773999999996,228.6166199999999,230.43554999999992,232.30572999999993,234.23317999999995,236.1793399999999,237.83480999999995,239.33704999999998,240.9301099999999,242.5158899999999,244.07341999999994,245.54487999999992,247.11605999999995,248.54217999999992,249.89995999999996,251.15676999999994,252.43602999999996,253.66685999999993,254.90522999999996,256.1353499999999,257.33749,258.52774999999997,259.6808299999999,260.78378,261.57606999999996,262.32322,264.1096,265.88063,268.20318999999995,270.62199,273.13802999999996,275.3060899999999,277.4361399999999,279.62506999999994,281.8750799999999,284.45668,286.8722499999999,288.9957599999999,291.0902,293.18741,295.28364999999997,297.30255,299.20903,301.01045999999997,302.87424,304.7081999999999,306.6626,308.7272999999999,310.94773999999995,313.17846,315.41765999999996,317.94945999999993,320.4723399999999,323.08758,325.65653999999995,328.71682,331.72384999999997,334.75262999999995,337.8091199999999,341.02184,344.4130399999999,347.8882,351.5066999999999,355.24366999999995,358.94053999999994,362.8394599999999,366.8764,371.0527199999999,375.45799,380.0030099999999,384.67629999999997,389.43242999999995,394.22799999999995,399.20745,404.39176,409.87671,415.56890999999996,421.34646999999995,427.37699,433.58773999999994,440.0382599999999,446.9587899999999,454.1981199999999,461.75006999999994,469.3204099999999,477.3024,485.88863999999995,493.0220499999999,500.70029999999997,508.52217999999993,516.3795499999999,523.98351,531.66715,539.4641199999999,547.42766,555.13328,562.81674,570.6825699999999,578.3474199999999,585.8138899999999,593.39905,601.19895,609.5338999999999,617.5478499999999,625.27005,633.6098
"Figs3-5, disc 0.03, temp0 971.25, tau 1.5, ffi removal, Wpt fitted, 2025-2125",SMDAMAGE taxed temp calibrated,975.4635348999999,982.814979,992.07871,1002.464838,1026.4465149999999,1080.2946299999999,1137.06466,1195.09608,1253.3272299999999,1311.7475299999999,1371.1191,1427.6798199999998,1479.2284399999999,1536.94059,1590.9440599999998,1643.71428,1695.60071,1745.50783,1793.94067,1840.76924,1885.9507199999998,1930.25865,1973.8825499999998,2016.76165,2058.6057499999997,2094.79485,2130.3274499999998,2165.2500499999996,2199.06425,2231.97095,2264.41815,2296.15285,2327.1307500000003,2357.17565,2386.4879499999997,2414.25915,2440.3888500000003,2465.08195,2488.55695,2510.88685,2531.78285,2550.56085,2567.3386499999997,2581.77205,2595.00565,2606.44555,2615.2613499999998,2619.75925,2623.0772500000003,2625.14655,2625.4366499999996,2623.10875,2619.45385,2614.97505,2609.66055,2602.42075,2593.6397500000003,2583.72795,2572.55485,2559.85335,2545.74345,2530.40515,2513.7010499999997,2495.77545,2476.2365499999996,2454.87025,2431.94275,2408.09095,2382.54565,2355.32375,2326.37515,2295.9411499999997,2264.20255,2231.06175,2196.84455,2161.3044499999996,2124.74455,2087.2575500000003,2048.70935,2009.18085,1967.9175500000001,1923.93637,1878.683,1832.6293799999999,1786.22848,1738.6846,1689.1993699999998,1638.98621,1588.52423,1536.6753899999999,1484.6297599999998,1431.87085,1379.1555799999999,1327.5063,1274.55076,1220.99368,1168.10843,1115.73605,1064.455023,1014.3116329999999,971.24975,951.9861159999999,951.538882,955.53937,958.522747,954.246684,952.219295,951.317831,948.496005,947.51819,949.3196049999999,950.844925,954.010265,954.671485,956.254833,958.1776679999999,959.922253,962.0230412,964.4178688,967.1647066999999,970.0635592,971.24975,970.1487444999999,969.2885751,968.3860598,968.9388633,969.7153942,970.42504602,970.7598002699999,970.88950542,971.2254087739999,971.24975,971.2244234909999,971.207089667,971.0327791999999,970.9172261399999,971.09381432,971.210698992,971.24975,970.9219684899999,971.0239451699999,971.1999281689999,971.24975,971.24975,971.187988455,971.24975,971.24975,971.24975,971.197967396,971.24975,971.204573516,971.24975,971.24975,971.24975,971.24975,971.11658711,971.24975,971.24975,971.24975,971.24975,971.2449177697999,971.24975,971.24975,971.2345790889999,971.24975,971.24975,971.24975,971.24975,970.92732327,970.53806735,971.24975,970.73621565,970.74400709,970.92127924,971.24975,971.2486657590999,971.24975,971.24975,971.09603465,971.24975,971.24975,971.191822412,971.24975,971.24975,971.24975,971.2415744622999,971.24975,971.24975,971.24975,971.24975,971.24975,971.15125638,971.24975,971.24975,971.05596322,971.24975,971.2413093063,971.24975,971.0489540399999,971.24975,971.24975,971.24975,971.24975,971.24975,971.24975,971.24975,971.24975,971.24975,971.24975,971.24975,971.24975,971.24975,971.24975,971.24975,971.24975,971.24975,971.24975,971.24975,971.24975,971.2295058789999,971.2304597799999,971.153018465,971.2262033349999,971.24975,971.24975,971.24975,971.1966958219999,971.24975,970.9062440299999,970.7877105199999,971.24975,969.3554376,968.6321382,968.0846511,967.6320347999999,966.9380021999999,966.3671519,965.9156459999999,965.7302811999999,965.3404578999999,964.9892358,964.9244759999999,964.6867646,964.2528951999999,964.0155719999999,964.0715339999999,964.7295944,965.1353445,965.4273962,966.3647712
"Figs3-5, disc 0.03, temp0 971.25, tau 2.0, ffi removal, Wpt fitted, 2025-2125",SMDAMAGE Carbon calibrated,9634.367,9634.367,9555.6607,9555.6607,9555.6607,9494.8422,9494.8422,9494.8422,9434.0236,9434.0236,9434.0236,9369.6276,9369.6276,9308.8091,9308.8091,9233.6803,9233.6803,9165.7067,9165.7067,9108.4658,9029.7595,8768.5976,8768.5976,8389.3764,8389.3764,8324.9803,8257.0067,8257.0067,7291.0657,7240.9798,7240.9798,7176.5838,6940.4649,6886.8015,6833.1381,6833.1381,6779.4747,6729.3889,6672.1479,6629.2172,6579.1314,6532.6231,6482.5373,6382.3656,6332.2798,6282.194,6178.4448,6128.3589,6081.8507,5981.679,5885.0849,5781.3357,5684.7416,5638.2333,5530.9065,5394.9593,5291.2101,5198.1935,5047.936,4908.4112,4772.464,4672.2923,4522.0348,4375.3549,4182.1667,4060.5297,3981.8234,3924.5825,3874.4966,3813.6781,3752.8596,3473.81,3402.2588,3337.8627,3280.6218,3162.5623,2822.6942,2733.2552,2661.7041,2590.1529,2500.7139,2422.0076,2393.3871,2371.9218,2339.7237,2296.793,2275.3277,2232.3969,2289.6379,2225.2418,2185.8887,2185.8887,2182.3111,2168.0009,2164.4233,2182.3111,3981.8234,8947.6225,8768.5976,8768.5976,9748.8489,9748.8489,9748.8489,9748.8489,9748.8489,9748.8489,9691.6079,9691.6079,9634.367,9634.367,9634.367,9555.6607,9555.6607,9555.6607,9494.8422,9494.8422,9434.0236,9434.0236,9369.6276,9369.6276,9308.8091,9233.6803,9233.6803,9165.7067,9165.7067,9108.4658,9165.7067,9308.8091,9369.6276,9369.6276,9369.6276,9308.8091,9308.8091,9233.6803,9308.8091,9308.8091,9233.6803,9233.6803,9165.7067,9165.7067,9108.4658,9108.4658,9108.4658,9165.7067,9165.7067,9108.4658,9029.7595,9053.6354,9085.9393,9029.7595,9108.4658,9029.7595,9029.7595,9026.0849,8910.0835,8894.6635,8768.5976,8768.5976,8832.6654,8658.8195,8640.0146,8653.5877,8389.3764,8368.3512,8324.9803,8324.9803,9108.4658,9165.7067,9165.7067,9108.4658,9108.4658,9029.7595,9010.5174,9108.4658,9108.4658,9108.4658,9029.7595,8827.0185,9029.7595,8959.9667,9019.1204,8794.8629,8768.5976,8717.6453,8550.2574,8761.0585,8768.5976,8940.5688,8768.5976,8910.8461,8768.5976,8810.8393,8814.7583,9029.7595,8872.8215,8918.9133,8919.7781,8768.5976,8823.871,9029.7595,9029.7595,9029.7595,9029.7595,9029.7595,9029.7595,9073.1104,9072.3679,9165.7067,9254.3947,9282.6908,9233.6803,9165.7067,9233.6803,9227.0979,9308.8091,9369.6276,9369.6276,9308.8091,9308.8091,9332.5276,9555.6607,9634.367,9634.367,9748.8489,9816.8225,9748.8489,9748.8489,9748.8489,9748.8489,9634.367,9634.367,9634.367,9634.367,9555.6607,9555.6607,9494.8422,9494.8422,9434.0236,9369.6276,9369.6276,9308.8091,9369.6276,9233.6803,9165.7067,9165.7067,9165.7067,9165.7067,9165.7067,9165.7067,9824.9895
"Figs3-5, disc 0.03, temp0 971.25, tau 2.0, ffi removal, Wpt fitted, 2025-2125",SMDAMAGE yearly revenue calibrated,147440.40584137,144726.70861200918,141281.50004695027,140013.25800405626,138037.00457990423,134178.1827265741,133205.57220303034,129224.75336304022,127144.33371609112,124208.97663536492,121841.25779672226,116867.75274718135,115433.59930716004,110424.52327214398,108458.60994115636,105726.08202833871,104524.99313629908,99402.34080028406,97658.48248864201,96526.41594758185,94979.45976868397,87776.5521189263,85435.48293196449,74472.78816776165,70347.84026253298,66673.6677077511,61657.82007516427,57739.44735525302,36137.402235629605,30585.193935969935,28066.27087685701,23155.249856054113,15137.659112147172,9812.778331474885,4491.762927062026,981.910473844633,-4194.924539744594,-9739.340747808154,-15536.531126800994,-20925.202911884564,-25948.3818782241,-30154.782460615657,-32860.85422958349,-37701.4381952043,-42555.49626882882,-44674.51657879941,-49739.754097912424,-52989.95287873143,-58001.61659866567,-63909.34676658333,-66704.81265755184,-69251.08604215065,-74908.25404234749,-80346.14914609029,-83218.98246026937,-87810.29885003691,-89133.35965849714,-90251.54436970699,-94009.1268152859,-95784.51777900099,-96967.15082751827,-98688.15794958569,-102040.85148568205,-102947.08163455903,-106174.18852895527,-105860.9245787802,-105634.36332852372,-106113.89287918787,-105836.92195751394,-104875.43143337326,-104724.40743463891,-110054.97641950025,-105961.44087100976,-101384.00420493852,-95827.6969242907,-92132.44826181392,-90050.30431586193,-85043.46058155512,-77791.99751584139,-71816.21976386952,-65993.22102160417,-59590.53423617454,-52434.71823447363,-45734.39982423889,-39277.277836705456,-34973.65729132631,-26782.5176787514,-18499.65416114544,-6526.814108951437,-3610.713478097947,1672.525714751288,7069.728442457075,11003.282903445652,13661.293953524088,15010.130059424344,17101.745201316022,35427.959658126485,22281.750489458973,20997.609824320596,19648.513373350408,8270.86519161119,5431.984801430292,5310.2052782259325,5120.297418177255,4985.844569925135,4746.752545207692,4699.155291314952,4910.53487396636,4861.375631041455,4847.377985273046,4824.8576872173135,4773.131097059128,4868.631961253066,4831.225999024736,4871.9094786203,4967.802457338211,4933.179359548301,5025.073309720837,5172.516520707532,4971.001321518956,5183.540553223806,5266.547662247137,5304.310841703698,5323.350044532888,5351.939565847257,5340.792873070577,5181.520756699105,4142.582490371846,3639.202608232024,3646.2772057636043,3651.522171977248,3568.6296195645195,3464.870979505526,3464.0012145391834,3140.610563396022,3023.5699542264256,3054.056151631919,3113.1497735493244,3070.4038110693673,3051.4935190661336,3076.6778843430257,3098.328213147712,2886.500396752599,2675.892375016972,2640.2073128873735,2636.8921452059158,2701.5680107268436,2587.5617849005903,2518.8640402518477,2457.3103251843195,2378.2526758326962,2328.095638858603,2302.484019445959,2296.7132260653143,2185.035336440843,2107.364328196144,2084.0886215500614,2074.368884229425,1980.4290327640276,1999.9741846758225,1954.5101660042005,1913.5565002976095,1827.0732890097527,1844.9411828953491,1857.3760383999015,1787.9156768348364,1578.2322513280046,1380.5743879856857,1401.2850072009637,1403.598398068192,1400.3408182183698,1372.0267216136247,1375.4796736775443,1236.0114550716462,1180.383972944189,1202.8837297527111,1182.9911493193028,1160.9569001751852,1145.850438862497,1131.0280057803848,1113.3062269421703,1056.789351767969,1069.1268659592915,1058.8231883633966,1003.9945781404327,1018.5159985831207,945.3316446350718,941.3672140892915,898.6628480419789,891.6924172611884,859.7976812018192,839.9018541773696,827.2981254935013,822.0680782965333,797.8067464089235,785.9946266095749,772.3377491870144,765.8019786153798,733.9970501343678,725.6651359034727,703.9827051987068,700.1560690005934,689.7765775542792,688.3925042295194,649.4290485075951,638.2109484327264,625.6187389195443,566.5871951028088,511.0053288149399,499.98044504163886,501.5954389222969,505.71171986154275,489.5824093250327,478.8261455086133,434.7196706570941,397.6411516912561,405.4316854785127,404.14659983889396,393.7944280066673,368.8548839772567,292.4832407508901,256.0165830511435,249.26814743818537,194.88067235562923,168.75087947081664,162.31953179862535,160.74928590452436,157.99764828324408,156.21677142673667,173.4399905234886,176.4262368646833,177.4050694477696,179.1437253098639,177.67118535094988,182.2253003367982,182.29105239215775,185.3046540132508,188.87243245353548,189.2442832700204,196.03156764530883,207.29863419806088,190.1115421524683,201.7349971634317,211.42041157336178,208.1374537129316,205.88927787907235,203.3419363065439,197.73985766345956,187.05484517209294,88.25840908706495
"Figs3-5, disc 0.03, temp0 971.25, tau 2.0, ffi removal, Wpt fitted, 2025-2125",SMDAMAGE actual temp calibrated,974.0430937,978.9155906,985.054279,991.934573,1007.2702879999999,1041.1296029999999,1076.70387,1112.63668,1148.51674,1184.41446,1220.6129099999998,1254.89543,1285.8575799999999,1320.41024,1352.6412,1383.83788,1414.22472,1443.0970399999999,1470.80768,1497.1913399999999,1522.32085,1546.7708899999998,1570.54178,1593.7149599999998,1615.95483,1634.11969,1651.07537,1667.0407799999998,1681.4797199999998,1695.04027,1707.78498,1719.60681,1729.91896,1737.33365,1743.79269,1749.29957,1753.21405,1755.54857,1756.62154,1756.89528,1756.53573,1754.3069099999998,1750.96447,1746.72389,1741.5563,1735.0778799999998,1727.64869,1718.9249,1709.17922,1698.2733199999998,1685.9029999999998,1672.0211599999998,1657.01713,1641.01091,1623.62273,1604.93811,1584.54041,1562.80008,1539.65963,1514.90907,1488.64716,1460.8054499999998,1431.48434,1400.64907,1368.15475,1334.03976,1298.39307,1261.39849,1222.96254,1182.93059,1141.71171,1099.3243499999999,1056.002226,1011.7022939999999,966.6120014999999,920.34592,872.9112349999999,824.63401,775.62906,725.85741,674.8082299999999,621.85282,567.8600899999999,513.29368,458.07940999999994,402.09219999999993,345.3520299999999,288.2479699999999,231.08817,173.4034499999999,115.58583999999996,57.61502999999993,-0.23200000000008458,-57.642250000000104,-115.20545000000016,-172.66885000000002,-229.36405000000013,-285.53575,-340.84645,-395.09375,-444.34375,-477.17975,-493.91805,-506.85465,-515.43875,-518.88355,-518.81945,-516.32205,-514.1104500000001,-510.4329500000001,-503.01064999999994,-496.27335000000016,-489.24165000000016,-481.52615000000014,-473.65985,-465.37255000000005,-457.27155000000016,-449.13445,-440.8867500000001,-432.53405,-424.20675000000006,-416.9746500000001,-411.80735000000004,-406.61204999999995,-401.55455000000006,-397.09275,-392.8280500000001,-388.63245000000006,-384.35574999999994,-379.83835,-375.06285,-370.28425000000016,-365.4856500000001,-360.4338500000001,-355.38815,-350.36945000000014,-345.44165,-340.74205000000006,-336.29864999999995,-331.99585,-327.59585000000015,-323.3225500000001,-319.3568500000001,-315.70615,-312.11125000000015,-308.59915,-305.1558500000001,-301.86345000000006,-298.66595000000007,-295.3597500000001,-292.20714999999996,-289.2618500000001,-286.45315000000005,-283.6684500000001,-280.9800500000001,-278.29735000000005,-275.79134999999997,-273.34265000000005,-271.0354500000001,-268.97884999999997,-266.96455000000014,-265.0607500000001,-263.21865,-261.16904999999997,-259.34815000000003,-257.51225,-255.74125000000004,-254.29944999999998,-252.81854999999996,-251.4040500000001,-248.71875,-245.54575,-241.83685000000014,-237.74025000000006,-233.26305000000002,-228.94195000000013,-224.53825000000006,-220.10325000000012,-215.8659500000001,-211.09735,-206.5571500000001,-202.45354999999995,-198.69365000000016,-194.77855,-190.88374999999996,-187.11455,-183.72344999999996,-180.28455000000008,-176.86554999999998,-173.59135000000015,-169.92385000000013,-166.27345000000014,-162.0969500000001,-158.06124999999997,-153.86345000000006,-149.55764999999997,-145.05214999999998,-140.39554999999996,-135.43285000000014,-130.48964999999998,-125.27324999999996,-120.03035,-114.69665000000009,-109.21735000000012,-103.26845000000003,-97.21945000000005,-90.88284999999996,-84.49565000000007,-77.73925000000008,-70.74025000000006,-63.49045000000001,-55.96614999999997,-48.00735000000009,-39.610250000000065,-30.984350000000063,-22.129490000000033,-13.070980000000077,-3.7560300000000097,5.929579999999987,16.166119999999978,26.704809999999952,37.56625999999994,48.6897899999999,60.137469999999894,72.04999999999995,84.77668999999992,98.08281,111.93169999999998,126.18849,140.87995999999998,155.75550999999996,168.54783999999995,181.59105999999997,194.74655999999993,207.92788999999993,221.03019999999992,234.38466999999991,247.8735999999999,261.38109999999995,274.64689,287.76991999999996,301.21691,314.7232899999999,328.1164799999999,341.6443499999999,355.42828,369.75185999999997,383.97240999999997,398.6559299999999,414.00252
"Figs3-5, disc 0.03, temp0 971.25, tau 2.0, ffi removal, Wpt fitted, 2025-2125",SMDAMAGE taxed temp calibrated,976.8364375,986.581431,998.858808,1012.6193949999999,1044.5735049999998,1116.51237,1192.2007899999999,1268.81181,1345.47005,1422.3527,1500.14415,1574.08314,1641.12889,1716.28426,1786.7669799999999,1855.38384,1922.57541,1986.8962499999998,2049.22795,2109.33205,2167.1968500000003,2224.0648499999998,2279.94785,2335.02995,2388.65005,2434.03235,2477.3906500000003,2519.24885,2558.48325,2596.40685,2633.21845,2668.81815,2701.87885,2729.62695,2755.94665,2780.82795,2803.00405,2822.48425,2839.91665,2856.31805,2872.0729499999998,2884.83925,2895.96265,2905.91365,2914.68995,2921.49205,2927.0774499999998,2930.88915,2933.56405,2934.76965,2933.82775,2930.6160499999996,2926.1109500000002,2920.6826499999997,2913.39805,2904.44195,2893.12315,2880.27875,2865.64885,2848.82685,2830.09785,2809.4784499999996,2786.99075,2762.62725,2736.17375,2707.67195,2677.31225,2645.25885,2611.29985,2575.27605,2537.79375,2498.91895,2459.05075,2418.0603499999997,2376.32735,2333.05145,2288.05605,2242.04575,2195.2554499999997,2147.55105,2098.02565,2045.4339499999999,1991.2386499999998,1936.36827,1880.66435,1823.87723,1765.99258,1707.72641,1649.68026,1590.90076,1532.15468,1473.39448,1414.89579,1356.9102599999999,1298.90848,1240.9577199999999,1184.1325,1127.8942499999998,1072.64637,1018.577857,971.24975,949.3556249999999,954.6636729999999,964.6788458999999,971.24975,963.9129259,958.796474,955.606137,950.319797,945.4585689999999,945.833933,945.839528,948.925179,948.066845,948.93621,950.5893789999999,952.034555,954.157151,956.780168,960.1387589999999,964.0466051,966.3502156999999,964.8612685999999,963.5198912,962.0359828999999,963.1343897999999,964.2665936,965.3018198,966.5508844,968.2458571999999,970.1108661999999,971.24975,971.224493353,971.192992034,970.89414229,970.6882290799999,970.82866583,971.07140748,971.24975,970.9160249099999,970.85673,971.08569817,971.24975,971.0283945199999,970.8424795499999,971.0293444499999,971.24975,971.24975,970.87014245,970.7611463899999,970.89462183,971.24975,971.24975,971.24975,971.24975,971.165665681,971.219200552,971.24975,971.24975,971.24975,971.2443615295,971.24975,971.1495635099999,971.24975,971.24975,971.24975,971.24975,970.98762169,970.71064538,970.30652804,971.24975,970.29198633,969.7897135,969.7815721999999,970.1749066,970.4291647499999,970.8655000199999,971.24975,971.01115064,971.2260883629999,971.238973239,971.24975,971.24975,971.24975,971.24975,971.24975,971.14213522,971.24975,971.24975,971.1674714269999,971.24975,970.91242529,971.24975,971.24975,971.0943446499999,971.24975,971.24975,971.24975,971.2315266579999,971.24975,971.24975,971.215893597,971.24975,971.1824378739999,971.24975,971.2472879874,971.24975,971.0184803799999,971.24975,971.24975,971.231600915,971.24975,971.24975,971.1686780829999,971.0943485299999,971.1114286,971.24975,971.24975,971.24975,971.215426357,971.1689399649999,971.164249661,971.24975,971.24975,971.24975,971.2128646619999,971.10230381,971.24975,971.1294976099999,971.00854722,971.0938438799999,967.3591987,965.0914048999999,963.054552,961.2191939999999,959.3554009999999,957.8653459999999,956.563628,955.5164149999999,954.34637,953.177796,952.5968459999999,952.232676,951.787154,951.65442,951.9648119999999,953.0318129999999,954.163192,956.187102,958.97178
"Figs3-5, disc 0.03, temp0 971.25, tau 2.5, ffi removal, Wpt fitted, 2025-2125",SMDAMAGE Carbon calibrated,9369.6276,9369.6276,9308.8091,9308.8091,9233.6803,9233.6803,9233.6803,9165.7067,9165.7067,9108.4658,9108.4658,9029.7595,8768.5976,8768.5976,8389.3764,8324.9803,8324.9803,8257.0067,7291.0657,7240.9798,7176.5838,6940.4649,6886.8015,6833.1381,6833.1381,6779.4747,6729.3889,6672.1479,6629.2172,6579.1314,6532.6231,6482.5373,6432.4515,6382.3656,6322.2088,6228.5306,6178.4448,6128.3589,6081.8507,5981.679,5935.1707,5838.5766,5781.3357,5684.7416,5588.1475,5487.9758,5394.9593,5291.2101,5244.7018,5144.5301,5001.4278,4865.4805,4772.464,4625.7841,4522.0348,4325.2691,4182.1667,4085.5726,4024.7541,3924.5825,3835.1435,3752.8596,3459.4998,3377.2159,3262.734,3130.3643,3023.0375,2955.0639,2879.9352,2804.8064,2733.2552,2647.3938,2572.2651,2468.5159,2432.7403,2418.43,2321.8359,2296.793,2282.4828,2261.0174,2253.8623,2225.2418,2203.7765,2182.3111,2157.2682,2142.958,2110.7599,2067.8292,2132.2253,2060.6741,2024.8985,2021.321,2014.1658,1996.278,1992.7005,2017.7434,3062.3907,8257.0067,7314.2904,7291.0657,9816.8225,9877.641,9877.641,9877.641,9816.8225,9816.8225,9816.8225,9816.8225,9748.8489,9748.8489,9748.8489,9691.6079,9691.6079,9691.6079,9634.367,9634.367,9634.367,9555.6607,9555.6607,9555.6607,9494.8422,9494.8422,9434.0236,9434.0236,9388.8151,9369.6276,9369.6276,9434.0236,9494.8422,9494.8422,9434.0236,9434.0236,9409.5373,9369.6276,9369.6276,9369.6276,9326.6311,9308.8091,9308.8091,9233.6803,9233.6803,9165.7067,9183.1687,9233.6803,9165.7067,9165.7067,9108.4658,9072.8639,9090.6161,9037.4157,9108.4658,9069.104,9029.7595,9029.7595,8998.6016,9022.2855,8934.0321,8768.5976,9029.7595,8758.6038,8752.979,8768.5976,8389.3764,8389.3764,8324.9803,8324.9803,9165.7067,9308.8091,9233.6803,9233.6803,9165.7067,9165.7067,9108.4658,9165.7067,9165.7067,9108.4658,9108.4658,9029.7595,9057.3339,9029.7595,8992.3153,8768.5976,8745.3822,8768.5976,8429.9334,8483.2124,8768.5976,8768.5976,8768.5976,8768.5976,8872.0233,8778.8669,8864.8946,9029.7595,9008.1723,9029.7595,9029.7595,9002.8556,8996.7241,9108.4658,9108.4658,9108.4658,9108.4658,9088.5793,9132.1623,9165.7067,9203.2129,9255.1713,9369.6276,9369.6276,9308.8091,9273.0299,9308.8091,9308.8091,9434.0236,9494.8422,9494.8422,9434.0236,9434.0236,9450.2655,9691.6079,9789.126,9748.8489,9816.8225,9816.8225,9816.8225,9816.8225,9816.8225,9816.8225,9748.8489,9748.8489,9691.6079,9691.6079,9691.6079,9691.6079,9634.367,9634.367,9555.6607,9555.6607,9494.8422,9434.0236,9494.8422,9434.0236,9369.6276,9369.6276,9369.6276,9369.6276,9308.8091,9369.6276,9816.8225
"Figs3-5, disc 0.03, temp0 971.25, tau 2.5, ffi removal, Wpt fitted, 2025-2125",SMDAMAGE yearly revenue calibrated,198515.41099512082,195386.76030266847,192513.3862015197,190156.51842209723,186505.05775260006,182317.00453130607,182159.06899238104,175386.55351321958,174234.56617907705,168835.43425296384,165073.77547361687,158145.54668830312,149298.90347071906,144973.23952147728,132968.59655574907,130144.66785116482,128610.45796062071,123092.92178875556,93946.25173693782,92875.4738497901,90790.19393706103,81652.91902379887,75792.21734940857,69778.70205278364,66400.92914560756,61840.992238814564,57318.79397100598,50618.753616427515,46868.66895521641,39924.25419781362,34699.14227888552,30317.696905128338,22786.99089543053,17524.367711104853,9424.314522731052,3032.8369679134075,-3404.3155386257804,-9310.073193326261,-16209.033816894089,-23998.498144051082,-31611.133017561042,-38177.86574214023,-42496.015726849524,-47402.29428905341,-54228.391961541296,-59752.78930325459,-65957.3233919142,-71692.45884165973,-76476.45022965787,-83779.01468103318,-90715.62294123616,-93543.60590348206,-98112.7157294205,-105751.79680799543,-107534.04667566402,-113922.07805844497,-116598.18680874471,-118707.97876561817,-120322.0334070366,-122520.9535064028,-122116.0654878676,-124182.11741984492,-133204.2538125473,-133584.99367046435,-133033.08361974053,-133475.49566471227,-132443.20521999206,-134043.65433204567,-132542.95829012844,-132634.149735724,-131451.2781794001,-133529.28056152572,-129321.86372814406,-126181.64044096213,-120243.9970973533,-113748.37943171259,-105208.64896828393,-96756.03951431892,-87132.31966264112,-77245.66609049696,-67207.97963526993,-57944.35010035458,-50156.651292543196,-42218.09294499647,-34436.1726076545,-28697.991505971873,-19587.71217153668,-10520.785786410786,3773.8851697250984,7780.070431921398,13461.039083626307,19022.939747479344,22732.974591016733,25216.949676843156,26655.43881534293,28717.461804163748,38314.95949918083,26400.507047238832,23074.29608776015,21323.25239414966,8240.552541585,5079.318689148038,4962.627123387486,4794.476935471259,4608.0417227469,4303.549977320705,4260.436092307103,4362.794212661898,4333.824111311104,4292.118676319116,4272.752126976321,4211.084263337769,4231.648768491121,4272.369523635773,4290.367579580614,4296.981625935145,4330.150801649595,4316.103890754858,4405.2921443794,4317.736197899913,4341.635697135167,4443.712982279607,4418.9554290315,4452.385887799792,4409.88344464365,4428.933360426321,4302.1540112973325,3718.9030753515344,3308.5976537832926,3234.528322941394,3201.034498761925,3161.618293598989,3117.605085735118,3118.280351390791,2918.6080910027476,2875.1412419058097,2908.806825903121,2935.8624347072255,2847.8778529920983,2781.5482871422723,2820.7713769095317,2821.452071606784,2680.240860127301,2614.428749181089,2574.9219205930403,2595.209926931495,2739.0407683647586,2668.5850338293913,2612.827602464348,2508.955959124966,2429.0386884626614,2409.747699564603,2346.6728752031718,2295.944557930641,2300.5733791015327,2241.882103684919,2160.5266342830755,2114.7675157685976,2085.4906540978363,2125.5426735667165,2089.864182895,2025.0468506130496,1899.5790852903563,1937.85965945218,1912.3334365877586,1846.7455711938849,1533.7368044021475,1294.4355547547318,1277.6396735112462,1310.973556934912,1270.9131141189387,1259.3325179978035,1274.0850881448098,1169.1538770058048,1138.604394868277,1141.3398153180249,1172.3197795518147,1162.8966748018156,1121.1001121947434,1102.531148445502,1124.9089870593152,1076.7050745674726,1101.8228988149685,1076.3381370253571,1006.7356004841578,999.0440428191199,981.2423480282733,958.6663877369156,976.0269062676666,915.3892995700915,902.870346258843,873.0275188676596,866.1626324140732,856.9195823468538,850.2710321823026,817.0592489757732,795.7110868205665,801.1810834960233,786.7366427621103,723.8465104876783,714.076774628477,722.7360089439038,699.8432131832052,687.2635611435696,640.8212939592765,606.8521687773472,585.9772034687085,540.5834326618999,503.11755101146645,487.6024753305478,489.2481948976545,488.69361300622313,464.85754733247194,453.281780394155,393.45249378924603,355.76014484459364,357.63158182302755,353.33034324666653,346.0472476690438,324.7295345260355,238.81744146543033,199.27147038433392,192.68635634005827,165.51321911019372,148.38624701787617,139.93661676160562,139.40016372017175,138.41012893035077,136.03205530100706,147.07501757234687,146.95532182107888,147.06286639167428,148.27028269617006,148.17126250468723,151.43672761896522,153.54367554971,154.75833733818814,158.07274942411294,159.43560240691022,161.2112079027319,170.00213172059443,157.10322311062973,168.90977934377506,175.73603701739924,173.04954044034204,172.7662775109416,172.26505825411317,167.41632757445183,161.3459834327858,93.33381639086932
"Figs3-5, disc 0.03, temp0 971.25, tau 2.5, ffi removal, Wpt fitted, 2025-2125",SMDAMAGE actual temp calibrated,973.8289554999999,978.3264654,983.9941399999999,990.346768,1004.866492,1037.307397,1071.40876,1106.0679499999999,1140.72795,1175.18148,1209.91923,1242.6423,1271.9830499999998,1304.77543,1335.11305,1364.29902,1392.02841,1417.6781099999998,1442.0410499999998,1464.42837,1485.46059,1505.79991,1524.28969,1539.99848,1554.64337,1565.19776,1574.5077999999999,1582.53271,1589.61825,1596.06907,1602.1584899999998,1607.00491,1611.24749,1614.72294,1617.47941,1619.08365,1619.43312,1618.47976,1616.34022,1613.2997799999998,1609.0558,1603.50157,1596.58768,1588.90906,1579.98133,1569.3663299999998,1557.5542799999998,1544.4600599999999,1530.16604,1514.51297,1497.02437,1477.90547,1457.5928,1436.07124,1413.00271,1388.29981,1361.90111,1334.0416,1304.29676,1272.8482999999999,1239.65968,1204.79774,1168.54093,1130.91764,1091.8346999999999,1051.425213,1009.3492389999999,965.7559015999999,920.860023,874.69855,827.3009999999999,778.76335,729.19594,678.65307,627.2450299999999,574.8655699999999,521.6322299999999,467.65065999999996,412.90328999999997,357.58264999999994,301.48785,244.25898999999993,186.12568999999996,127.52055999999993,68.63683999999989,9.246049999999968,-50.811250000000086,-111.3089500000001,-171.8741500000001,-232.84355000000005,-293.84034999999994,-355.11635,-416.26195000000007,-476.86945000000014,-537.60835,-598.38715,-658.47135,-718.0336500000001,-776.66535,-834.14445,-887.24615,-924.94145,-946.66065,-966.17235,-979.66265,-984.3007500000001,-985.02945,-982.71315,-980.15625,-976.34395,-967.7211500000001,-960.2408500000001,-952.77325,-943.55475,-934.5862500000001,-925.1287500000001,-915.5840500000002,-905.9201500000001,-895.8677500000001,-885.62365,-875.25385,-865.6159500000001,-858.1818499999999,-850.16715,-842.30015,-835.6267500000001,-828.80665,-822.1088500000001,-815.25155,-808.12815,-800.84195,-793.79505,-787.2011500000001,-780.53845,-773.7681500000001,-767.18155,-760.52665,-754.03485,-747.7770500000001,-741.88015,-736.0371500000001,-730.2292500000001,-724.85565,-719.94895,-715.15915,-710.4692500000001,-706.0172500000001,-701.73765,-697.7310500000001,-693.6783500000001,-689.6096500000001,-685.87705,-682.4520500000001,-679.0451500000001,-675.7870500000001,-672.52485,-669.3676500000001,-666.40555,-663.64085,-660.90785,-658.19615,-655.64995,-653.2745500000001,-650.40245,-647.8578500000001,-645.30205,-642.87275,-640.9101500000002,-638.8063500000001,-636.66455,-633.25205,-628.8060500000001,-623.59825,-617.9419500000001,-611.75295,-605.71405,-599.20425,-592.84535,-586.9829500000001,-580.7445500000001,-574.64445,-568.79135,-563.2327500000001,-557.89895,-552.63975,-547.6840500000001,-543.2990500000001,-538.73505,-534.3226500000001,-530.22255,-525.85375,-521.1811500000001,-516.16785,-511.04825000000005,-505.87194999999997,-500.11375,-494.2599500000001,-488.1740500000001,-481.69084999999995,-474.89605000000006,-467.9195500000001,-460.64104999999995,-453.1757500000001,-445.44275000000016,-437.27105000000006,-428.83175000000006,-420.04065000000014,-411.08595000000014,-401.7645500000001,-392.06425000000013,-381.99385000000007,-371.6495500000001,-360.70955000000004,-349.14805,-337.29975000000013,-325.19975,-312.84805000000006,-300.19735000000014,-287.06485,-273.24225,-259.0019500000001,-244.11095,-228.86985000000004,-213.27504999999996,-197.09255000000007,-179.73985000000016,-161.62035000000014,-142.86065000000008,-124.08505000000014,-105.17165,-85.81754999999998,-68.41075000000001,-50.93105000000003,-33.445850000000064,-15.984120000000075,1.446519999999964,19.033719999999903,36.76274999999998,54.78125,72.68525,90.61546999999996,108.90416999999991,127.22926999999993,145.68698999999992,164.04670999999996,182.70029,201.7170799999999,220.70926999999995,240.08792999999991,260.25009
"Figs3-5, disc 0.03, temp0 971.25, tau 2.5, ffi removal, Wpt fitted, 2025-2125",SMDAMAGE taxed temp calibrated,977.6977637,988.9415389999999,1003.1107239999999,1018.9922959999999,1057.215622,1144.65177,1236.73367,1330.54584,1424.6294,1518.5345699999998,1613.67762,1703.8266199999998,1785.2208999999998,1876.72257,1962.13599,2045.19005,2125.25745,2200.47275,2272.9483499999997,2340.9342500000002,2406.00495,2469.98545,2529.97955,2583.66765,2635.46115,2676.9942499999997,2716.27775,2753.3858499999997,2788.94085,2823.69785,2858.30285,2890.56745,2922.1255499999997,2952.55525,2981.96715,3009.3579499999996,3034.46995,3057.4218499999997,3078.29675,3097.86555,3115.37525,3130.57935,3143.36875,3155.28725,3165.30935,3172.55885,3177.96905,3181.3910499999997,3183.07825,3182.81635,3179.59165,3173.6264499999997,3166.10765,3157.14255,3145.93225,3132.50645,3116.43015,3098.39655,3077.6354499999998,3054.31805,3028.51355,3000.48085,2970.62785,2939.21745,2905.98315,2871.03225,2833.74815,2794.16545,2752.87995,2709.90235,2665.22435,2618.9870499999997,2571.60075,2522.91365,2473.3746499999997,2422.39195,2370.44805,2317.53635,2263.70795,2209.22585,2153.9177499999996,2096.7442499999997,2038.17095,1979.1341499999999,1919.99271,1860.25632,1799.54082,1738.4454700000001,1677.64574,1616.31899,1555.27887,1494.12585,1433.28584,1373.1327999999999,1313.0295899999999,1252.8019,1193.60586,1134.98767,1077.53345,1021.421839,971.24975,947.7650339999999,956.251409,965.6723004999999,971.24975,961.7553115999999,954.4972789999999,949.915588,943.1699,935.5605919999999,935.9627539999999,934.72073,937.0823529999999,935.4991869999999,935.464563,936.4855849999999,937.5069229999999,939.4197919999999,942.226241,946.038193,950.6410149999999,954.115468,952.634242,952.3204979999999,951.831096,954.100063,956.817294,959.3466199999999,962.2138392999999,965.6521571999999,969.0769118,971.24975,971.24975,971.00444908,970.5357623799999,970.0576345,970.2481793999999,970.7279780499999,971.24975,970.8541443199999,970.65747474,971.04314932,971.24975,970.9370878799999,970.7213194999999,971.00873584,971.24975,971.24975,970.5262038,970.2270182,970.64158261,971.24975,971.24975,971.24975,971.24975,971.080209,971.24975,971.24975,971.13021611,971.24975,971.24975,971.24975,971.0050665099999,971.2001518,971.24975,971.24975,971.2471317005,970.88742743,970.5807675699999,970.2169835999999,971.24975,969.8299516,969.0595298999999,968.8964139999999,969.3061359,969.6149691999999,970.53923512,971.24975,970.87383368,970.78771664,970.68003013,970.89073945,971.24975,971.24975,971.2311212669999,971.24975,971.02484522,971.24975,971.173967525,971.24975,971.24975,970.9173572599999,971.16069231,971.24975,970.8093024499999,971.24975,971.24975,971.24975,971.2208572469999,971.24975,971.04552913,971.0725314399999,971.24975,971.24975,971.212422387,971.24975,971.24975,970.98920217,971.24975,971.24975,971.2420654419,971.24975,971.24975,971.12651997,971.0063930299999,971.04654953,971.24975,971.24975,971.24975,971.07905609,970.8583537899999,970.9526935099999,971.197217712,971.24975,971.24975,971.2379867049999,971.0572204399999,971.24975,970.55920454,969.4263823,968.9399702,963.9320032999999,960.6037819999999,957.5190359999999,954.6629069999999,951.927419,949.562995,947.5219119999999,946.20525,945.0362339999999,944.127571,943.9840409999999,944.05959,944.547069,945.3002839999999,946.724962,948.7649749999999,950.83731,953.858117,958.091046
