Source,Experiment,2025.0,2026.0,2027.0,2028.0,2029.0,2030.0,2031.0,2032.0,2033.0,2034.0,2035.0,2036.0,2037.0,2038.0,2039.0,2040.0,2041.0,2042.0,2043.0,2044.0,2045.0,2046.0,2047.0,2048.0,2049.0,2050.0,2051.0,2052.0,2053.0,2054.0,2055.0,2056.0,2057.0,2058.0,2059.0,2060.0,2061.0,2062.0,2063.0,2064.0,2065.0,2066.0,2067.0,2068.0,2069.0,2070.0,2071.0,2072.0,2073.0,2074.0,2075.0,2076.0,2077.0,2078.0,2079.0,2080.0,2081.0,2082.0,2083.0,2084.0,2085.0,2086.0,2087.0,2088.0,2089.0,2090.0,2091.0,2092.0,2093.0,2094.0,2095.0,2096.0,2097.0,2098.0,2099.0,2100.0,2101.0,2102.0,2103.0,2104.0,2105.0,2106.0,2107.0,2108.0,2109.0,2110.0,2111.0,2112.0,2113.0,2114.0,2115.0,2116.0,2117.0,2118.0,2119.0,2120.0,2121.0,2122.0,2123.0,2124.0,2125.0,2126.0,2127.0,2128.0,2129.0,2130.0,2131.0,2132.0,2133.0,2134.0,2135.0,2136.0,2137.0,2138.0,2139.0,2140.0,2141.0,2142.0,2143.0,2144.0,2145.0,2146.0,2147.0,2148.0,2149.0,2150.0,2151.0,2152.0,2153.0,2154.0,2155.0,2156.0,2157.0,2158.0,2159.0,2160.0,2161.0,2162.0,2163.0,2164.0,2165.0,2166.0,2167.0,2168.0,2169.0,2170.0,2171.0,2172.0,2173.0,2174.0,2175.0,2176.0,2177.0,2178.0,2179.0,2180.0,2181.0,2182.0,2183.0,2184.0,2185.0,2186.0,2187.0,2188.0,2189.0,2190.0,2191.0,2192.0,2193.0,2194.0,2195.0,2196.0,2197.0,2198.0,2199.0,2200.0,2201.0,2202.0,2203.0,2204.0,2205.0,2206.0,2207.0,2208.0,2209.0,2210.0,2211.0,2212.0,2213.0,2214.0,2215.0,2216.0,2217.0,2218.0,2219.0,2220.0,2221.0,2222.0,2223.0,2224.0,2225.0,2226.0,2227.0,2228.0,2229.0,2230.0,2231.0,2232.0,2233.0,2234.0,2235.0,2236.0,2237.0,2238.0,2239.0,2240.0,2241.0,2242.0,2243.0,2244.0,2245.0,2246.0,2247.0,2248.0,2249.0,2250.0,2251.0,2252.0,2253.0,2254.0,2255.0,2256.0,2257.0,2258.0,2259.0,2260.0,2261.0,2262.0,2263.0,2264.0,2265.0,2266.0,2267.0,2268.0,2269.0,2270.0,2271.0,2272.0,2273.0,2274.0,2275.0,2276.0,2277.0,2278.0,2279.0,2280.0,2281.0,2282.0,2283.0,2284.0,2285.0,2286.0,2287.0,2288.0,2289.0,2290.0,2291.0,2292.0,2293.0,2294.0,2295.0,2296.0,2297.0,2298.0,2299.0,2300.0
Hector with uncalibrated,"Fig1, disc 0.03, temp0 1400.0, tau 1.8, ffi removal, Wpt default, 2025-2125",1316.91,1333.1,1347.84,1361.53,1374.3600000000001,1386.45,1397.67,1408.08,1417.6299999999999,1426.15,1433.6299999999999,1440.06,1445.56,1450.22,1453.71,1455.94,1456.45,1455.52,1453.3400000000001,1449.8999999999999,1445.35,1439.99,1434.07,1427.53,1420.43,1412.8700000000001,1404.34,1395.06,1385.1299999999999,1374.73,1364.01,1353.04,1341.99,1330.81,1319.52,1308.09,1296.57,1284.99,1273.28,1261.4,1249.3600000000001,1237.22,1224.9699999999998,1212.55,1199.94,1187.08,1174.1,1160.96,1147.6299999999999,1134.01,1120.11,1105.9099999999999,1091.42,1076.62,1061.5,1046.0700000000002,1030.3899999999999,1014.45,998.135,981.401,964.273,946.79,928.995,910.875,892.452,873.746,854.6669999999999,835.2270000000001,815.4639999999999,795.3919999999999,775.026,754.421,733.615,712.6120000000001,691.406,669.963,648.147,625.949,603.356,580.3549999999999,556.962,533.184,508.991,484.279,458.913,432.80600000000004,405.88,378.104,349.527,320.23400000000004,290.332,259.96999999999997,229.319,198.524,167.73399999999998,137.099,106.747,76.8135,47.4905,19.0842,-7.73639,-27.1855,-36.831500000000005,-40.232,-39.9085,-37.467,-33.9809,-30.139200000000002,-26.457600000000003,-23.332800000000002,-20.9438,-19.1098,-17.493499999999997,-15.956600000000002,-14.3444,-12.6901,-11.003499999999999,-9.36292,-7.951770000000001,-6.94424,-6.42898,-5.59973,-3.9860399999999996,-2.12135,-0.35041500000000003,1.21113,2.5443800000000003,3.7444800000000003,4.8513,5.79001,6.55991,7.405069999999999,8.39674,9.340029999999999,10.177,10.969,11.6939,12.254100000000001,12.6979,13.269599999999999,13.8845,14.554599999999999,15.299800000000001,15.999300000000002,16.597,17.0679,17.475,17.953500000000002,18.5784,19.217299999999998,19.7108,20.165300000000002,20.738,21.2877,21.7363,22.1235,22.3904,22.5665,22.8204,23.1476,23.399199999999997,23.6491,23.9679,24.244000000000003,24.4421,24.608700000000002,24.706599999999998,24.7389,24.7304,24.7456,24.7548,24.7372,24.7399,24.75,24.6669,24.5473,24.3572,24.1129,23.8947,23.6904,23.434900000000003,23.0829,22.6775,22.2377,21.813200000000002,21.345200000000002,20.8499,20.3336,19.8323,19.3996,18.929399999999998,18.4628,17.992500000000003,17.4716,17.0012,16.5598,16.1642,15.7799,15.382399999999999,14.922899999999998,14.3685,13.758899999999999,13.213600000000001,12.664,12.042300000000001,11.4024,10.831,10.2608,9.61881,9.02954,8.44445,7.868409999999999,7.32984,6.76401,6.08411,5.34119,4.67222,4.050660000000001,3.34807,2.63205,1.9681299999999997,1.351,0.805496,0.297983,-0.18117599999999998,-0.68695,-1.24061,-1.8330600000000001,-2.4520000000000004,-3.09277,-3.73617,-4.35736,-4.99815,-5.6754500000000005,-6.38021,-6.9246799999999995,-7.36266,-7.84306,-8.39377,-8.94187,-9.38525,-9.97603,-11.0332,-12.6959,-14.7815,-17.1083,-19.447,-21.2053,-21.8128,-20.785700000000002,-17.638299999999997,-12.5103,-5.990729999999999,1.46445,9.57218,18.1484,27.0651,36.2291,45.570100000000004,55.0342,64.5788,74.1703,83.7818,93.3917,102.983,112.54,122.053,131.51299999999998,140.912,150.244,159.50400000000002,168.69,177.785,186.798,195.736,204.597
SMDAMAGE Carbon uncalibrated,"Fig1, disc 0.03, temp0 1400.0, tau 1.8, ffi removal, Wpt default, 2025-2125",9233.6803,9233.6803,9165.7067,9165.7067,9108.4658,9108.4658,9029.7595,8768.5976,8768.5976,8389.3764,8324.9803,8324.9803,8257.0067,7291.0657,7240.9798,7240.9798,7176.5838,6940.4649,6886.8015,6833.1381,6779.4747,6729.3889,6672.1479,6629.2172,6579.1314,6532.6231,6482.5373,6382.3656,6332.2798,6282.194,6228.5306,6128.3589,6081.8507,5981.679,5935.1707,5838.5766,5731.2499,5684.7416,5588.1475,5487.9758,5394.9593,5291.2101,5198.1935,5098.0219,5001.4278,4884.6967,4772.464,4672.2923,4522.0348,4375.3549,4228.675,4110.6155,4039.0644,3981.8234,3924.5825,3856.6088,3770.7474,3473.81,3402.2588,3316.3974,3248.4238,3130.3643,3023.0375,2955.0639,2858.4698,2772.6084,2676.0143,2590.1529,2468.5159,2425.5851,2407.6974,2382.6544,2361.1891,2339.7237,2303.9481,2282.4828,2261.0174,2243.1296,2225.2418,2210.9316,2189.4662,2175.156,2157.2682,2142.958,2125.0702,2103.6048,2089.2946,2074.9843,2064.2517,2046.3639,2039.2088,2024.8985,2017.7434,2014.1658,2017.7434,2021.321,2039.2088,2078.5619,2164.4233,2332.5686,6081.8507,6031.7648,5981.679,5935.1707,5838.5766,5781.3357,5781.3357,5731.2499,5781.3357,5838.5766,5981.679,6228.5306,6332.2798,6432.4515,6482.5373,6562.1831,6579.1314,6532.6231,6482.5373,6432.4515,6382.3656,6332.2798,6332.2798,6308.9135,6332.2798,6382.3656,6482.5373,6482.5373,6482.5373,6552.7534,6532.6231,6532.6231,6532.6231,6532.6231,6579.1314,6579.1314,6579.1314,6629.2172,6681.6314,6672.1479,6629.2172,6629.2172,6629.2172,6629.2172,6629.2172,6672.1479,6729.3889,6787.5357,6779.4747,6779.4747,6729.3889,6779.4747,6752.8898,6779.4747,6779.4747,6779.4747,6833.1381,6886.8015,6833.1381,6833.1381,6833.1381,6833.1381,6833.1381,6833.1381,6833.1381,6833.1381,6833.1381,6833.1381,6886.8015,6859.0822,6833.1381,6886.8015,6840.4961,6833.1381,6886.8015,6833.1381,6833.1381,6886.8015,6886.8015,6886.8015,6833.1381,6877.0043,6886.8015,6886.8015,6886.8015,6886.8015,6886.8015,6886.8015,6934.4766,6897.6074,6886.8015,6886.8015,6886.8015,6940.4649,6940.4649,6940.4649,6940.4649,6940.4649,6940.4649,6886.8015,6930.7289,6940.4649,6940.4649,6940.4649,6940.4649,7043.8095,6940.4649,6940.4649,7160.5752,6940.4649,6985.0095,7063.1882,6940.4649,6940.4649,6940.4649,7176.5838,6940.4649,7055.3701,7176.5838,7176.5838,7176.5838,7176.5838,7176.5838,7176.5838,7176.5838,7176.5838,7176.5838,7176.5838,7176.5838,7176.5838,7176.5838,7176.5838,7190.7512,7240.9798,7755.0903,7511.2903,7846.3397,7654.458,8257.0067,8255.0368,7743.6018,7310.5392,7291.0657,7291.0657,7291.0657,7291.0657,8257.0067,8324.9803,9029.7595,9308.8091,,,,,,,,,,,,,,,,,,,,,,,,,,
SMDAMAGE actual temp uncalibrated,"Fig1, disc 0.03, temp0 1400.0, tau 1.8, ffi removal, Wpt default, 2025-2125",1402.5690023,1413.803015,1430.743923,1451.461982,1474.294644,1498.119982,1522.26238,1546.1684,1569.31221,1591.52642,1612.17045,1631.14855,1648.80011,1664.83817,1678.55734,1690.28098,1700.42625,1708.8833,1715.72732,1720.96073,1724.75974,1727.62252,1729.66903,1730.88785,1731.2670600000001,1730.9541100000001,1729.93834,1728.34658,1726.04537,1723.1632,1719.96043,1716.62142,1713.06928,1709.17036,1705.15059,1700.71018,1695.86287,1690.69703,1685.17371,1679.3507399999999,1673.17137,1666.69815,1659.89169,1652.84703,1645.31712,1637.27749,1628.98301,1620.0475999999999,1610.82503,1601.10792,1590.70115,1579.87458,1568.59376,1556.82466,1544.60454,1531.94223,1518.82982,1505.28871,1491.20945,1476.492512,1461.274306,1445.637508,1429.549581,1413.080549,1396.2594028,1379.035577,1361.431559,1343.611921,1325.523193,1307.145961,1288.52837,1269.64818,1250.67878,1231.46246,1212.169,1192.55277,1172.69383,1152.60448,1132.24048,1111.53525,1090.49576,1069.22196,1047.62765,1025.43733,1002.63841,978.97531,954.64746,929.4533,903.7705900000001,877.41431,850.76449,823.98116,797.17719,770.29199,743.83728,717.58234,691.90641,666.73283,642.35595,619.08529,597.68318,587.59559,584.48137,586.25595,590.89399,596.86174,603.58448,610.41675,616.70308,622.3233,627.09892,631.29261,635.18828,638.99693,642.73667,646.49913,650.26902,653.84976,657.05947,659.90166,662.18721,665.79723,669.9013,674.14593,678.11565,681.79337,685.31905,688.6427,691.83134,694.87858,697.82773,701.01582,704.1986,707.22347,710.27487,713.24371,716.14643,718.94805,721.68855,724.43657,727.07406,730.0103,732.89483,735.61116,738.24458,740.77667,743.34179,745.8568,748.42403,751.02612,753.43449,756.0716,758.58655,761.12277,763.58703,765.99265,768.36319,770.69343,773.0886,775.49274,777.77831,780.26276,782.64945,784.9962,787.36337,789.59525,791.82688,794.21836,796.50377,798.78989,801.11995,803.39816,805.67344,807.97763,810.28202,812.50668,814.69282,816.90476,819.06163,821.3645,823.5053,825.6952,827.87687,830.02118,832.20299,834.29736,836.39585,838.50623,840.66215,842.78326,844.89867,847.05267,849.24269,851.35125,853.4498,855.609,857.70783,859.82648,861.87356,863.88384,865.89926,867.94135,869.94014,871.95432,873.96461,875.91985,877.9284,879.98373,881.90172,883.9402,885.89987,887.88409,889.8062600000001,891.82716,893.7549200000001,895.66533,897.65292,899.63472,901.57086,903.5296900000001,905.3380099999999,907.4864,909.49252,911.58749,913.58557,915.54522,917.53548,919.60861,921.49908,923.5974,925.61262,927.56635,929.65058,931.56047,933.5401400000001,935.57474,937.5900300000001,939.6737800000001,941.67287,943.6895099999999,945.7417,947.68322,948.97781,949.50649,949.82164,950.13165,950.5808,951.9890399999999,954.83112,959.71257,,,,,,,,,,,,,,,,,,,,,,,,,,
SMDAMAGE taxed temp uncalibrated,"Fig1, disc 0.03, temp0 1400.0, tau 1.8, ffi removal, Wpt default, 2025-2125",1404.6242042,1425.290754,1456.632997,1495.225779,1538.1345000000001,1583.41882,1629.94129,1676.77506,1723.0287,1768.44193,1811.94129,1853.35124,1893.26838,1931.14852,1965.6908600000002,1997.44252,2027.1150499999999,2054.46701,2079.58866,2102.49152,2123.4263300000002,2142.93009,2161.1892,2178.1558,2193.84886,2208.4899299999997,2221.99784,2234.5546,2245.89329,2256.21805,2266.02128,2275.33514,2284.08163,2292.0427799999998,2299.65522,2306.44589,2312.41803,2317.75152,2322.37353,2326.43402,2329.81106,2332.4631799999997,2334.39347,2335.81407,2336.31279,2335.89931,2335.04932,2333.06173,2330.61843,2327.3388800000002,2322.85347,2317.6171,2311.57824,2304.74899,2297.186,2288.94517,2279.99512,2270.4179,2259.98689,2248.54299,2236.34566,2223.4629,2209.85678,2195.65975,2180.88035,2165.43866,2149.37484,2132.9834499999997,2116.12365,2098.76527,2080.9982099999997,2062.76419,2044.40492,2025.65732,2006.85279,1987.5775899999999,1967.9964300000001,1948.15672,1928.0433600000001,1907.52374,1886.59416,1865.46037,1844.05867,1822.00506,1799.40824,1775.85621,1751.76191,1726.71565,1701.31979,1675.1581,1648.78012,1622.34609,1595.93076,1569.30945,1543.28649,1517.35497,1492.122666,1467.348094,1443.438956,1420.738313,1400.0,1389.224258,1384.308833,1383.55094,1385.201572,1387.807619,1391.0633351,1394.3477464,1396.9100378,1398.7091935,1399.62390311,1400.0,1399.958367476,1400.0,1399.937228041,1400.0,1400.0,1399.924331794,1399.47899698,1398.7436863,1397.4019267,1397.5088712,1398.1720466,1399.00725228,1399.54145186,1399.75590337,1400.0,1400.0,1399.980834972,1400.0,1399.85676237,1399.90759494,1400.0,1399.981725531,1400.0,1399.960036743,1399.975469611,1399.980020826,1400.0,1399.81534012,1399.55985953,1399.75949816,1400.0,1399.946091876,1399.947046196,1400.0,1399.971669728,1400.0,1399.88134458,1399.85707789,1399.78991798,1400.0,1399.948598963,1400.0,1400.0,1399.9464878,1399.99968839069,1400.0,1399.950751926,1399.987387259,1399.84620851,1400.0,1400.0,1399.951400467,1400.0,1399.87716521,1399.82064172,1400.0,1400.0,1399.932290213,1399.979396182,1400.0,1399.916053849,1399.958270735,1400.0,1399.976180256,1399.963336043,1400.0,1399.850371,1400.0,1399.966843606,1400.0,1399.9946314899,1400.0,1399.9998468316,1400.0,1399.937723856,1400.0,1400.0,1400.0,1400.0,1399.920855458,1399.947666479,1400.0,1399.8716821,1400.0,1399.919953318,1400.0,1399.975397412,1399.964703531,1400.0,1400.0,1399.954060198,1399.95106924,1399.978529308,1400.0000000000248,1399.953360232,1400.0,1400.0,1400.0,1400.0,1400.0,1399.88368477,1399.966450287,1400.0,1400.0,1399.960658442,1400.0,1399.987568323,1400.0,1399.77727203,1400.0,1399.925980064,1400.0,1399.943683121,1399.917978763,1399.83565781,1400.0,1399.85811826,1400.0,1399.948191012,1399.85474525,1400.0,1399.941752129,1400.0,1400.0,1400.0,1400.0,1400.0,1399.978407718,1400.0,1400.0,1399.30642966,1397.7504853,1396.0257133,1394.2996873,1392.7347744,1392.0202638,1392.9555658,1395.8674042,,,,,,,,,,,,,,,,,,,,,,,,,,
SMDAMAGE yearly revenue uncalibrated,"Fig1, disc 0.03, temp0 1400.0, tau 1.8, ffi removal, Wpt default, 2025-2125",206012.81926151895,201834.2346024895,201591.20932516825,202291.7910920404,204752.94186143146,203050.0499799431,204363.08727939267,194787.03778746887,196626.85862668176,180860.96684698132,188717.82163613744,187590.33275719738,188962.90597236916,158569.90530170198,160639.13494300243,160189.69586040813,161875.1948178561,155198.23862150617,152615.11798587398,148989.07309361958,151649.46749175727,150140.63522018006,150290.7046088068,147842.86767854748,146290.46420679087,146531.58177870695,146481.44477047966,142167.2117926615,141597.60235513884,137675.7424723634,132085.0783280879,128343.63232788348,127039.31911041094,123175.38884968548,118567.95255255883,115952.41916231364,113140.12268494003,111587.95534254146,105901.66427444889,102746.10807865912,92209.91979516837,86545.06783626557,84538.32822117375,79542.11520355349,73598.08446321824,70206.10429548568,65643.93687405439,59009.64231938802,53294.774603467944,45305.82065339809,26215.00777533601,23902.742188818524,20761.738738879063,16991.295154485364,17211.444747480557,13468.339992986697,11168.07356841832,2793.8952374373357,-3087.8871786322998,-9065.948745208518,-16250.335451185252,-23666.12489294225,-29317.72741622333,-30782.023960328315,-35612.24039739627,-38433.7715533717,-41542.67368171071,-45841.158601727366,-51665.81574513505,-55135.34126426868,-66456.2242749581,-69043.88603862989,-68561.19353918429,-67826.41751834977,-69816.66297482185,-71160.00530914337,-73275.97584099951,-77661.49598365418,-80650.05108107324,-84932.36428854596,-113345.05397722728,-104020.27743179367,-99682.35336947699,-95627.11870249311,-88840.21026709111,-86561.3503453196,-80478.58134453038,-74770.9138487394,-68072.97110128951,-64384.36344947106,-57778.63734361835,-50835.63886183781,-45485.96424106264,-39193.77170169059,-32482.741127291185,-26499.310149390327,-19055.59844256333,-11483.518275306087,-1990.0060371818877,5965.807420849922,-707.1989719736824,-519.2303804082452,511.3233215404839,1618.0081589214633,2479.742928252858,3280.9566435744855,4385.293015658793,4864.666790750407,5693.748860014851,5754.872929142713,5969.138428940261,5310.7581615817235,5212.168297474193,4580.6536006954875,4291.7899519804105,3700.9079952471043,3377.2735499479363,3457.2150016907503,3703.4615238961214,3937.7947800313586,3048.319938848809,3384.871118211626,3744.923421793208,3876.4699282627707,3926.780970040272,3830.1695918263094,3576.9854893393394,3324.4290671067756,3289.5657049325487,3138.7291909158084,2895.909310178078,3091.2518195183625,3039.718648668029,2973.610448806658,2802.7062025046707,2851.183297655185,2792.2811289783767,2622.549079111907,2351.1195332798297,2481.6205576837833,2315.29998364834,2365.644738350017,2296.264451577805,2315.2423597762217,2252.9288259081923,2127.045105248632,2014.028438386905,1787.748634307918,1839.60035256311,1927.354971123748,1741.3801063484389,1725.0446693436752,1731.445516063824,1687.0103429812023,1584.3441452671009,1559.9157235437126,1514.2961157779841,1372.1055919649714,1366.4369328889488,1393.0487784992615,1318.2244316005763,1261.06140628068,1240.0003577625732,1218.8336163735025,1191.1727755778243,1218.2715353618219,1162.9257630616378,1092.5745703305336,1033.0563657515183,1057.541479080949,940.4311153060645,927.3797018240223,906.8790663577457,902.2219090091611,878.3743909654984,862.9907872528652,845.691724691748,808.8873026528314,807.2597365381332,794.1997147078622,733.2622036647771,737.9402370734749,727.7411413505586,688.6958170011637,682.0578184906747,652.6187316008823,649.2387640255922,616.1648150592874,598.8256491850689,581.5544991657567,550.7426954648405,553.8140009496407,534.9759604212439,497.349990639925,482.30048476567026,451.31589734161537,448.2410698009826,435.2170815635034,449.7076828156636,440.93949904932606,405.5647790615144,378.6215903333267,386.7768559310316,380.86479079929967,363.32156488305594,348.8294244158451,330.58189340346496,320.0726441978381,333.29576860283066,305.9180118552619,274.79285158843913,281.70115810332595,269.6618491111145,270.5027411186432,259.8316399198108,264.83858603135445,244.1873281648601,250.6686961335347,256.1985359499864,242.3525322731699,213.24304921773435,199.13172073226778,202.97236416979044,201.18394167703437,206.74677282036535,210.7554760007412,211.4296932369614,200.59650593246022,196.73955956808436,187.77598666930652,150.98210974126306,116.11493819411976,134.07611506026396,131.03003679447474,141.43353442108287,135.1997341104895,160.0772785294721,162.96064687794095,196.41565277098707,206.56773266540264,169.41851394413985,172.12332050470832,189.72694312137995,204.32694396364494,219.33571442964953,224.56314382080518,251.5068572792301,238.20234217952614,224.02756882634293,180.73989984702857,,,,,,,,,,,,,,,,,,,,,,,,,,
Hector with calibrated,"Fig1, disc 0.03, temp0 1014.691, tau 1.8, ffi removal, Wpt fitted, 2025-2125",1316.91,1333.0800000000002,1347.76,1361.33,1374.0,1385.87,1396.77,1406.67,1415.5500000000002,1423.21,1429.77,1435.33,1439.76,1442.96,1444.95,1445.8999999999999,1445.25,1443.13,1439.79,1435.27,1429.76,1423.56,1416.9,1409.69,1402.01,1393.95,1385.01,1375.37,1365.1299999999999,1354.46,1343.45,1332.24,1320.99,1309.69,1298.36,1286.95,1275.47,1263.96,1252.36,1240.6,1228.69,1216.6699999999998,1204.58,1192.33,1179.88,1167.22,1154.46,1141.54,1128.45,1115.14,1101.54,1087.63,1073.45,1058.9599999999998,1044.18,1029.1399999999999,1013.87,998.3689999999999,982.525,966.265,949.641,932.689,915.443,897.89,880.0369999999999,861.881,843.3439999999999,824.4639999999999,805.274,785.793,766.03,746.042,725.88,705.546,685.0619999999999,664.418,643.474,622.2180000000001,600.6510000000001,578.7600000000001,556.517,533.8230000000001,510.64500000000004,487.014,462.858,438.098,412.659,386.457,359.516,331.916,303.641,274.71000000000004,245.204,215.23000000000002,184.96099999999998,154.589,124.292,94.244,64.5788,35.1503,6.02121,-21.9076,-44.881499999999996,-60.5337,-71.2556,-77.9257,-80.8552,-81.3938,-80.4796,-78.6557,-76.6122,-74.684,-72.7295,-70.8,-68.8404,-66.8041,-64.85499999999999,-63.284099999999995,-62.1002,-61.404,-61.4961,-62.4711,-63.5361,-63.9894,-63.9463,-63.3611,-61.9097,-59.574299999999994,-56.7012,-53.4455,-50.0261,-46.8405,-43.7531,-40.6222,-37.7025,-34.937200000000004,-32.297399999999996,-29.9511,-27.9021,-26.0299,-24.458299999999998,-23.2732,-22.4484,-21.8201,-21.296200000000002,-20.8489,-20.3666,-19.6887,-18.7498,-17.6241,-16.410600000000002,-15.1739,-13.9514,-12.7631,-11.5958,-10.4934,-9.45749,-8.477820000000001,-7.60429,-6.78136,-6.02208,-5.38901,-4.8246,-4.31322,-3.90378,-3.55194,-3.27081,-3.02501,-2.75467,-2.42268,-1.9953000000000003,-1.47354,-0.850733,-0.129072,0.6186619999999999,1.43873,2.2773,3.13243,4.05612,5.01293,5.95709,6.82318,7.6563300000000005,8.54486,9.55161,10.5816,11.6495,12.7747,13.996599999999999,15.355799999999999,16.788600000000002,18.2908,19.7988,21.263399999999997,22.769000000000002,24.2816,25.799,27.289,28.718500000000002,30.0204,31.1783,32.2089,33.2201,34.2027,35.1199,36.0371,37.1083,38.3215,39.6447,41.1001,42.5913,44.1491,45.7973,47.451100000000004,48.9819,50.437599999999996,51.9441,53.5383,55.1426,56.785500000000006,58.545300000000005,60.4304,62.4221,64.4964,66.6327,68.73129999999999,70.7901,72.8353,74.89460000000001,77.0275,79.2479,81.4869,83.6968,85.8369,87.8616,90.0991,92.69189999999999,95.3952,98.0603,100.497,102.593,104.32600000000001,105.783,106.678,106.836,106.491,105.921,105.682,106.09599999999999,107.02499999999999,108.21300000000001,109.515,110.89699999999999,112.342,113.83500000000001,115.36699999999999,116.928,118.512,120.11099999999999,121.72099999999999,123.34,124.965,126.59300000000002,128.222,129.852,131.48000000000002,133.107,134.732,136.353,137.97,139.584,141.193,142.797,144.397,145.99200000000002,147.582
SMDAMAGE Carbon calibrated,"Fig1, disc 0.03, temp0 1014.691, tau 1.8, ffi removal, Wpt fitted, 2025-2125",9165.7067,9108.4658,9108.4658,9029.7595,9029.7595,8768.5976,8768.5976,8389.3764,8324.9803,8257.0067,8257.0067,7291.0657,7240.9798,7240.9798,7176.5838,6940.4649,6886.8015,6833.1381,6833.1381,6779.4747,6729.3889,6672.1479,6629.2172,6579.1314,6532.6231,6482.5373,6432.4515,6382.3656,6282.194,6228.5306,6178.4448,6128.3589,6081.8507,5981.679,5935.1707,5838.5766,5731.2499,5684.7416,5588.1475,5487.9758,5394.9593,5291.2101,5198.1935,5098.0219,5001.4278,4908.4112,4772.464,4672.2923,4522.0348,4375.3549,4228.675,4110.6155,4039.0644,3981.8234,3924.5825,3856.6088,3770.7474,3473.81,3402.2588,3316.3974,3248.4238,3130.3643,3023.0375,2955.0639,2858.4698,2772.6084,2676.0143,2590.1529,2468.5159,2425.5851,2407.6974,2382.6544,2361.1891,2339.7237,2303.9481,2282.4828,2261.0174,2243.1296,2225.2418,2210.9316,2189.4662,2175.156,2157.2682,2142.958,2125.0702,2103.6048,2089.2946,2074.9843,2064.2517,2046.3639,2039.2088,2024.8985,2017.7434,2014.1658,2017.7434,2021.321,2039.2088,2074.9843,1939.0371,1924.7269,2210.9316,4772.464,4815.3947,4865.4805,5487.9758,5638.2333,5588.1475,5731.2499,5781.3357,5684.7416,5600.5769,5835.1132,6032.0004,6081.8507,6282.194,6228.5306,6228.5306,6432.4515,6382.3656,6282.194,6228.5306,6128.3589,6228.5306,6282.194,6332.2798,6382.3656,6482.5373,6482.5373,6482.5373,6579.1314,6532.6231,6532.6231,6532.6231,6532.6231,6579.1314,6579.1314,6579.1314,6629.2172,6629.2172,6629.2172,6629.2172,6629.2172,6629.2172,6629.2172,6629.2172,6672.1479,6690.7113,6729.3889,6779.4747,6779.4747,6729.3889,6779.4747,6779.4747,6779.4747,6779.4747,6779.4747,6833.1381,6810.7887,6833.1381,6833.1381,6833.1381,6833.1381,6833.1381,6833.1381,6833.1381,6833.1381,6833.1381,6833.1381,6886.8015,6886.8015,6833.1381,6886.8015,6886.8015,6833.1381,6886.8015,6833.1381,6833.1381,6886.8015,6886.8015,6886.8015,6833.1381,6886.8015,6886.8015,6886.8015,6886.8015,6886.8015,6886.8015,6886.8015,6940.4649,6940.4649,6886.8015,6886.8015,6886.8015,6940.4649,6940.4649,6940.4649,6940.4649,6940.4649,6940.4649,6886.8015,6940.4649,6940.4649,6940.4649,6940.4649,6940.4649,7176.5838,6940.4649,6940.4649,7176.5838,6940.4649,7176.5838,7176.5838,6940.4649,6940.4649,6940.4649,7176.5838,6940.4649,7176.5838,7176.5838,7176.5838,7176.5838,7176.5838,7176.5838,7176.5838,7176.5838,7176.5838,7176.5838,7176.5838,7176.5838,7176.5838,7176.5838,7176.5838,7240.9798,7240.9798,8257.0067,8257.0067,8257.0067,8257.0067,8257.0067,8257.0067,8257.0067,8257.0067,7291.0657,7291.0657,7291.0657,7291.0657,8257.0067,8257.0067,7827.3327,7291.0657,,,,,,,,,,,,,,,,,,,,,,,,,,
SMDAMAGE actual temp calibrated,"Fig1, disc 0.03, temp0 1014.691, tau 1.8, ffi removal, Wpt fitted, 2025-2125",1049.5502979999999,1085.214588,1120.79465,1146.1112699999999,1170.46423,1194.8504,1219.27683,1242.06745,1264.72614,1285.97892,1304.94369,1317.82758,1328.4898699999999,1336.95788,1349.13501,1358.9319,1366.70878,1372.73772,1377.66266,1380.97033,1385.2147,1383.12301,1380.13977,1375.93325,1370.71357,1364.7607,1358.74518,1352.59071,1345.95747,1339.10508,1333.6192099999998,1328.1668300000001,1323.35066,1317.60224,1311.88615,1305.82719,1299.61311,1293.3866600000001,1286.6324399999999,1279.52464,1272.86206,1265.5306,1257.32206,1248.7018,1239.55143,1229.63555,1218.82775,1207.46452,1195.63561,1182.8495,1169.50706,1155.13813,1140.47131,1125.295,1109.6976319999999,1093.692026,1076.639297,1057.8920719999999,1038.486796,1018.7972743,998.964584,978.633633,957.468019,936.1276359999999,914.19501,892.0556,869.3482799999999,846.66937,823.61355,800.36939,777.33776,753.80984,730.2279699999999,706.45423,682.43424,658.02881,633.12478,607.87325,582.37158,556.47354,529.04108,501.45438,473.1959499999999,443.95997,413.68044999999995,382.09982,349.52328,316.74659999999994,283.44218,249.27792,214.64393999999993,179.53914999999995,144.61335999999994,109.84466999999995,75.63873000000001,41.95341999999994,9.31129999999996,-22.990800000000036,-56.757499999999936,-90.09680000000003,-121.46229999999991,-118.1427000000001,-114.73450000000003,-112.99620000000004,-111.26559999999995,-109.72430000000008,-106.72430000000008,-104.22690000000011,-101.43820000000005,-99.08349999999996,-95.9090000000001,-93.5295000000001,-91.1422,-89.04719999999998,-87.2378000000001,-83.33979999999997,-80.48070000000007,-78.06400000000008,-75.41589999999997,-74.25250000000005,-74.17090000000007,-68.04379999999992,-66.47820000000002,-64.92579999999998,-63.465200000000095,-61.95730000000003,-60.59069999999997,-59.15890000000013,-57.954099999999926,-57.30790000000002,-57.24510000000009,-54.471000000000004,-52.66399999999999,-51.37889999999993,-50.08369999999991,-48.817600000000084,-47.662000000000035,-46.56880000000001,-45.53749999999991,-44.33580000000006,-43.30179999999996,-42.1232,-41.147500000000036,-40.06410000000005,-39.57920000000013,-38.24199999999996,-37.394000000000005,-36.6232,-35.66620000000012,-34.78289999999993,-34.063699999999926,-33.39580000000001,-32.572000000000116,-31.813900000000103,-31.071100000000115,-30.33979999999997,-29.769000000000005,-29.28729999999996,-28.700600000000122,-28.185799999999972,-27.647899999999936,-27.133800000000065,-26.61200000000008,-26.061899999999923,-25.598600000000033,-25.021400000000085,-24.434400000000096,-23.82179999999994,-23.093200000000024,-22.240600000000086,-21.37760000000003,-20.463799999999992,-19.402700000000095,-18.48160000000007,-17.277900000000045,-16.14350000000013,-15.008299999999963,-13.695400000000063,-12.27520000000004,-10.990800000000036,-9.712400000000116,-8.203600000000051,-6.377200000000016,-4.562400000000025,-2.723500000000058,-0.9486000000000558,1.1124999999999545,3.332499999999982,5.622799999999984,8.055499999999938,10.505999999999972,12.907799999999952,15.097279999999955,17.53478999999993,19.925110000000018,22.18786,24.44789000000003,26.54386999999997,28.62887999999998,30.348589999999945,32.50932,34.402169999999956,36.369749999999954,38.28360999999995,40.07411999999999,42.52748999999994,44.83956999999998,47.14518999999996,49.60847000000001,51.38765999999998,54.30512999999996,57.05547999999999,59.51246000000003,61.77870999999993,64.04310999999996,66.97845999999993,69.63117,72.68175999999994,75.59115999999995,78.83715999999993,82.25762999999995,85.59595999999999,89.17481999999995,92.55608999999993,95.95628999999997,99.38129000000004,102.83690999999999,106.48342000000002,110.33384999999998,113.88067000000001,117.36775999999998,120.26417000000004,123.03989000000001,125.59372999999994,131.59401000000003,137.01824,142.73412999999994,147.05323999999996,150.82872999999995,154.25643000000002,157.67310999999995,161.87502999999992,163.02121,164.41421000000003,166.22442999999998,169.84551999999996,177.78982999999994,184.68750999999997,191.64247999999998,196.59186999999997,,,,,,,,,,,,,,,,,,,,,,,,,,
SMDAMAGE taxed temp calibrated,"Fig1, disc 0.03, temp0 1014.691, tau 1.8, ffi removal, Wpt fitted, 2025-2125",1079.529672,1146.3181,1213.78121,1263.2270899999999,1312.00316,1362.07139,1413.68876,1463.58872,1514.50028,1564.01593,1610.54716,1647.18934,1680.7987600000001,1711.3428199999998,1749.7223199999999,1784.70316,1817.1712499999999,1847.3311899999999,1876.29926,1903.0277700000001,1930.2775000000001,1946.17589,1960.98497,1974.2647499999998,1985.7543799999999,1995.9009099999998,2005.80885,2015.3431,2024.0562,2032.1768,2041.5817,2050.8154999999997,2060.9565000000002,2069.6957,2078.3048,2086.1787999999997,2093.5644,2100.7607,2107.1027,2112.6885,2118.4006,2123.035,2126.4804,2129.2568,2131.1215,2131.8737,2131.0097,2129.1331,2126.4785,2122.462,2117.2255,2110.696,2103.7466999999997,2096.1621,2088.0087000000003,2079.1856,2068.8821,2055.6159,2041.5264,2026.8844,2012.1532,1996.62004,1979.91031,1962.8551499999999,1944.95578,1926.5864299999998,1907.3573000000001,1888.09757,1868.2234899999999,1848.1423300000001,1828.31437,1807.89348,1787.47126,1766.73112,1745.71466,1724.18584,1702.1069499999999,1679.68861,1657.16464,1634.2026,1609.62373,1584.94123,1559.62761,1533.3356899999999,1506.06306,1477.4268,1447.95588,1418.24022,1388.16255,1357.16085,1325.80251,1294.0275,1262.40583,1230.76103,1199.74097,1169.14598,1139.7728299999999,1110.80294,1079.991957,1049.577134,1014.6912,1014.6912,1014.6912,1014.6912,1014.6912,1014.06598214,1014.6912,1014.6912,1014.6912,1014.17728907,1014.6912,1014.6912,1014.6912,1014.6912,1013.5909778,1014.6912,1014.6912,1014.35537698,1014.23097662,1012.7666045999999,1010.1850721,1014.6912,1014.6912,1014.6912,1014.6912,1014.6912,1014.6912,1014.6912,1014.56155529,1014.0008202299999,1012.7733676,1014.2090258,1014.6912,1014.6912,1014.6912,1014.6912,1014.6912,1014.6912,1014.6912,1014.6912,1014.54805918,1014.6912,1014.6912,1014.6912,1014.19499399,1014.6912,1014.6912,1014.6912,1014.6912,1014.6912,1014.6912,1014.6912,1014.6865991142,1014.6912,1014.6912,1014.6912,1014.6912,1014.6912,1014.6912,1014.6912,1014.657148368,1014.6912,1014.6912,1014.6912,1014.6912,1014.6912,1014.6912,1014.6912,1014.6912,1014.6912,1014.6912,1014.6912,1014.6912,1014.58375892,1014.6912,1014.6912,1014.6912,1014.6912,1014.6912,1014.6912,1014.623552138,1014.6912,1014.6912,1014.6912,1014.6912,1014.6912,1014.6912,1014.6912,1014.592088115,1014.6912,1014.6912,1014.55105972,1014.3208414,1014.52840492,1014.57363448,1014.6912,1014.6912,1014.6912,1014.6912,1014.40217288,1014.6912,1014.6912,1014.6912,1014.6912,1014.46047876,1014.6912,1014.6912,1014.6912,1014.6912,1013.9123438299999,1014.38508431,1014.6912,1014.6861723631,1014.6144753159999,1014.6038143669999,1014.6912,1014.43422923,1014.618930614,1014.6912,1014.6912,1014.663305113,1014.59679613,1014.6912,1014.668786489,1014.6912,1014.6912,1014.6912,1014.6912,1014.6912,1013.94487571,1012.962322,1011.0768573,1009.2676519,1007.249504,1008.814621,1009.766523,1011.1077219,1011.0409093,1010.6143436,1009.8828973999999,1009.249733,1009.5478098,1006.8303943999999,1004.337985,1002.356944,1002.248425,1006.529235,1009.7147912,1013.2124258,1014.6912,,,,,,,,,,,,,,,,,,,,,,,,,,
SMDAMAGE yearly revenue calibrated,"Fig1, disc 0.03, temp0 1014.691, tau 1.8, ffi removal, Wpt fitted, 2025-2125",215013.74347290554,214907.3460184022,212996.99417182503,207320.31471903907,204609.3585875024,196889.30553743054,195910.24968345976,183908.43280624578,183972.86092140657,183827.13680180346,201127.80008516752,167236.23244029,166338.59840861356,164058.52464293162,161220.3746462881,153078.6038888451,151264.45979998008,149430.23292826884,151327.52466937437,150137.60492004215,155134.61369501066,152068.7501158689,149539.87351530636,145484.24762361436,144362.95407755402,143352.17930607978,141239.29475928395,139036.13664904443,135608.8680747596,133969.65044316396,127557.11979119056,124432.90569431042,122397.61692825526,118054.44272648994,112560.4442717573,109028.61096032352,104543.75309763207,102579.37727836348,96850.70096534505,92979.77838317845,84684.36023633915,81389.79960440221,77690.42056000585,72739.01418394012,70872.41411809603,63762.26770454895,58951.48788119889,54662.5324819173,47694.52436948194,42125.68506520907,31143.489033795442,24081.263204358936,19693.02727029673,15950.274434930345,12914.229606834155,9311.236385508315,6127.079391138498,-4670.430266912372,-5466.1193987131555,-4341.4128166692335,-3789.2655768576806,-14676.108481787116,-21779.24419430284,-23941.8241678626,-29187.367103642333,-33769.11696673565,-36755.24632967764,-44138.78441218158,-45184.94608906527,-46691.66267837284,-48323.925602733754,-62877.51585773222,-66317.27625191427,-65822.16113367786,-69393.26326236069,-74361.84037419222,-75622.53799287658,-75598.67431598184,-67663.38086660199,-67330.66890295425,-68804.00192394906,-106129.58851574513,-101066.31444511906,-95675.90599314944,-96459.18948590569,-89092.79704414977,-86795.32401284801,-80028.61348024615,-73559.4437325506,-71347.19835425323,-68905.22389445883,-65937.22164393702,-59247.269264361676,-54385.254443571925,-51876.333507958065,-42025.23962976949,-34903.81163628191,-28669.585764367825,-35609.991060890796,-31870.475412378437,-55983.82575264808,-3864.437090156628,-2268.4186210498096,-410.7259618777763,-435.9004812126328,-551.5585959864288,642.3232389045171,798.8240141761833,987.8216673679867,2218.5960895949697,3086.175850967715,3900.44925658001,3346.621927113743,3839.1187858291,3501.579447306167,3465.5406531806475,3785.0950105403535,3409.2654530733907,3811.66574907236,4589.4293507698385,4850.879922717006,4676.8417087216985,4300.807172000427,4044.02753358542,3449.600898162334,1215.8852034852337,1597.592980020564,1327.17493726475,1058.216645656365,1282.1394447956918,1427.5412963706779,2043.8243863061,2213.4055968826233,2254.430698188375,2255.257792310052,2304.8615523198487,2344.9680765274447,2458.0774560454274,2342.812700459182,2401.538209562291,2167.6250209375276,2337.623640732727,2043.1054172416013,1901.1548983863318,1835.6766578819008,2110.18818098336,1955.9802985388694,1827.9479959293767,1605.0053083911591,1634.4723790058308,1523.5371795593758,1515.0664547141198,1353.5215074308035,1399.2840692569653,1497.446669485338,1444.2966265287278,1484.5014839269459,1455.3327066891304,1295.9000222942575,1334.7153921761317,1247.5330829820255,1283.8869259379228,1242.5909467726271,1114.7196885013439,1217.1888651873219,1288.0798242757216,1247.3007833672314,1091.866703147347,1132.6972314719442,972.1356789117576,883.9382378090688,839.4131964457911,804.7389350387097,676.605436524287,722.437183081863,649.180633151484,619.5445263796258,670.1637183563058,670.8936080585265,686.4837130921865,618.5082982345536,651.4275057324539,572.6652013414648,626.1810085388893,612.6757017994,594.3005283742457,410.41550962122784,369.913725518916,377.4478216698296,398.64486461829614,352.09223827178437,357.0594070644866,359.51391652932216,397.3579408383617,400.1021720311332,409.41669598185877,410.99143958108306,444.3591162995625,426.63411753631124,413.8528667125651,436.7472160772589,366.7673706742693,315.7256589117718,315.4451754085321,301.5685519242008,325.370464387154,278.1151322256759,274.53415386600136,286.7633928573723,228.8741281861997,240.0508580405692,228.81605223391819,168.35221851086152,183.75233074247143,183.73747063198857,208.99569227175684,153.94947933046234,196.58833236581182,208.17578202990745,172.63969097286594,89.74966971612602,100.11809659840561,106.6315458445091,112.97496130563012,114.56231773044408,110.65068141788932,109.06957455237479,103.54789819959427,84.51647637237046,90.09163445853996,29.171867987964053,34.227638412527355,42.26867841491592,52.31033183357182,80.53548823939468,86.10440929889863,72.27031907477642,90.28710260468816,103.66336795706356,119.12308438291645,135.65164268027735,147.43559411521008,123.31582395464854,129.81082782333183,134.15007927988643,134.80423957907186,167.79767320459715,220.5990618086918,208.9151311339395,193.3804457255883,,,,,,,,,,,,,,,,,,,,,,,,,,
