C2F6 $/kt,C2F6 kt/year,CF4 $/kt,CF4 kt/year,HFC125 $/kt,HFC125 kt/year,HFC134a $/kt,HFC134a kt/year,HFC143a $/kt,HFC143a kt/year,SF6 $/kt,SF6 kt/year
449278,0,272145,0,128891,0,52661,0,164613,0,839635,0
898557,0.703196742,544290,1.440355797,257783,0,105323,18.46396487,329225,0,1679270,1.072577876
1347835,0.891395215,816435,1.981148742,386674,8.501417548,157984,18.62360738,493838,6.123114216,2518905,0.391657573
1797114,0.612099021,1088580,1.377531285,515565,7.383974429,210645,14.77040148,658451,5.319454569,3358540,0.196879434
2246392,0.446289375,1360724,1.0133099,644457,6.20550172,263307,12.00092139,823063,4.470589493,4198175,0.118466034
2695671,0.339816462,1632869,0.776672813,773348,5.288303539,315968,9.94360034,987676,3.809899751,5037810,0.079118851
3144949,0.267385276,1905014,0.614261207,902239,4.56046005,368629,8.373543952,1152289,3.285593128,5877446,0.056582928
3594227,0.215881601,2177159,0.497970689,1031131,3.973204414,421291,7.148136983,1316901,2.862548975,6717081,0.042475245
4043506,0.177951584,2449304,0.411848273,1160022,3.492519526,473952,6.173383401,1481514,2.516267959,7556716,0.033058876
4492784,0.149210668,2721449,0.346289535,1288914,3.094090028,526613,5.385286128,1646127,2.229237342,8396351,0.026461336
4942063,0.126912385,2993594,0.295230395,1417805,2.760161136,579275,4.739047342,1810739,1.988669106,9235986,0.021659602
5391341,0.109265019,3265739,0.254688611,1546696,2.477523248,631936,4.20254793,1975352,1.785048655,10075621,0.018056148
5840619,0.095059217,3537883,0.22196123,1675588,2.236183683,684597,3.752272169,2139965,1.611178286,10915256,0.015282882
6289898,0.083454709,3810028,0.195161201,1804479,2.02847025,737259,3.370682941,2304577,1.461531608,11754891,0.013102972
6739176,0.073852917,4082173,0.172938655,1933370,1.848413307,789920,3.044486006,2469190,1.331808513,12594526,0.011358419
7188455,0.06581807,4354318,0.154307293,2062262,1.691311654,842581,2.763455039,2633803,1.218622521,13434161,0.009940529
7637733,0.059026804,4626463,0.138532881,2191153,1.553422292,895242,2.519619536,2798415,1.119277341,14273796,0.008772537
8087012,0.05323508,4898608,0.125059707,2320044,1.431735237,947904,2.306692909,2963028,1.031604678,15113431,0.007798978
8536290,0.048255919,5170753,0.113460908,2448936,1.323807756,1000565,2.119662884,3127641,0.953844842,15953067,0.006978964
8985568,0.043944112,5442898,0.103404213,2577827,1.22764074,1053226,1.954493609,3292253,0.884557699,16792702,0.00628182
9434847,0.040185499,5715042,0.09462785,2706718,1.141585417,1105888,1.807905957,3456866,0.82255548,17632337,0.005684165
9884125,0.03688933,5987187,0.086923333,2835610,1.064272168,1158549,1.677213418,3621479,0.766851504,18471972,0.005167929
10333404,0.03398273,6259332,0.080122952,2964501,0.994555672,1211210,1.560198059,3786091,0.716620669,19311607,0.004718965
10782682,0.031406637,6531477,0.074090563,3093392,0.931472225,1263872,1.455015761,3950704,0.671168702,20151242,0.004326071
11231961,0.029112771,6803622,0.068714719,3222284,0.874206239,1316533,1.360123073,4115317,0.629908032,20990877,0.003980284
11681239,0.027061359,7075767,0.06390348,3351175,0.822063743,1369194,1.274220252,4279929,0.592338701,21830512,0.003674362
12130517,0.025219395,7347912,0.059580457,3480066,0.77445125,1421856,1.196206493,4444542,0.558033137,22670147,0.003402405
12579796,0.023559304,7620057,0.055681755,3608958,0.730858789,1474517,1.125144479,4609155,0.526623934,23509782,0.003159563
13029074,0.022057906,7892201,0.052153602,3737849,0.690846187,1527178,1.060232082,4773767,0.497793971,24349417,0.002941824
13478353,0.020695599,8164346,0.048950482,3866741,0.654031913,1579840,1.000779625,4938380,0.471268371,25189052,0.002745843
13927631,0.019455716,8436491,0.04603366,3995632,0.620083943,1632501,0.946191474,5102993,0.446807926,26028687,0.002568815
14376909,0.018324015,8708636,0.043370002,4124523,0.588712251,1685162,0.895951066,5267605,0.42420368,26868323,0.002408372
14826188,0.017288267,8980781,0.040931036,4253415,0.559662585,1737824,0.849608632,5432218,0.403272456,27707958,0.002262506
15275466,0.016337923,9252926,0.038692181,4382306,0.532711306,1790485,0.806771098,5596831,0.383853126,28547593,0.002129502
15724745,0.015463843,9525071,0.036632128,4511197,0.507661065,1843146,0.767093719,5761443,0.365803507,29387228,0.002007891
16174023,0.014658081,9797216,0.034732331,4640089,0.484337178,1895808,0.730273119,5926056,0.348997742,30226863,0.001896408
16623302,0.013913698,10069361,0.032976588,4768980,0.462584579,1948469,0.696041474,6090669,0.333324107,31066498,0.001793959
17072580,0.013224614,10341505,0.031350694,4897871,0.442265227,2001130,0.664161628,6255281,0.318683149,31906133,0.001699594
17521858,0.012585483,10613650,0.029842152,5026763,0.423255916,2053792,0.634422972,6419894,0.304986096,32745768,0.001612484
17971137,0.011991593,10885795,0.028439936,5155654,0.405446399,2106453,0.606637954,6584507,0.292153518,33585403,0.001531903
18420415,0.01143877,11157940,0.027134281,5284545,0.388737788,2159114,0.580639121,6749119,0.280114166,34425038,0.001457215
18869694,0.010923315,11430085,0.025916521,5413437,0.373041177,2211776,0.556276581,6913732,0.268803984,35264673,0.00138786
19318972,0.010441933,11702230,0.02477894,5542328,0.358276458,2264437,0.533415846,7078345,0.258165255,36104308,0.00132334
19768250,0.009991686,11974375,0.02371465,5671219,0.344371296,2317098,0.511935964,7242957,0.248145859,36943944,0.001263218
20217529,0.009569946,12246520,0.022717487,5800111,0.331260239,2369760,0.491727919,7407570,0.238698639,37783579,0.001207102
20666807,0.009174356,12518664,0.021781923,5929002,0.318883949,2422421,0.472693248,7572183,0.229780843,38623214,0.001154644
21116086,0.008802798,12790809,0.020902986,6057893,0.307188531,2475082,0.454742832,7736795,0.221353636,39462849,0.001105533
21565364,0.008453364,13062954,0.020076197,6186785,0.296124939,2527744,0.437795858,7901408,0.213381682,40302484,0.001059489
22014643,0.008124331,13335099,0.01929751,6315676,0.285648469,2580405,0.421778903,8066021,0.205832771,41142119,0.001016264
22463921,0.007814142,13607244,0.018563266,6444568,0.275718298,2633066,0.406625139,8230633,0.198677489,41981754,0.000975631
22913199,0.007521386,13879389,0.017870144,6573459,0.266297093,2685727,0.392273634,8395246,0.191888937,42821389,0.000937387
23362478,0.007244778,14151534,0.017215131,6702350,0.257350656,2738389,0.378668741,8559859,0.185442474,43661024,0.000901349
23811756,0.006983154,14423679,0.016595484,6831242,0.248847614,2791050,0.365759554,8724471,0.179315497,44500659,0.000867349
24261035,0.006735451,14695823,0.0160087,6960133,0.240759142,2843711,0.353499434,8889084,0.173487235,45340294,0.000835238
24710313,0.006500697,14967968,0.015452497,7089024,0.233058722,2896373,0.341845584,9053697,0.167938582,46179929,0.000804878
25159592,0.006278006,15240113,0.014924786,7217916,0.225721921,2949034,0.33075868,9218309,0.162651933,47019564,0.000776143
25608870,0.006066566,15512258,0.014423654,7346807,0.218726201,3001695,0.320202532,9382922,0.157611049,47859200,0.00074892
26058148,0.00586563,15784403,0.013947345,7475698,0.212050742,3054357,0.310143796,9547535,0.152800929,48698835,0.000723105
26507427,0.005674515,16056548,0.013494246,7604590,0.205676288,3107018,0.300551703,9712147,0.148207698,49538470,0.000698602
26956705,0.00549259,16328693,0.013062874,7733481,0.199585013,3159679,0.291397828,9876760,0.143818511,50378105,0.000675324
27405984,0.005319276,16600838,0.01265186,7862372,0.193760385,3212341,0.282655878,10041373,0.139621458,51217740,0.00065319
27855262,0.005154038,16872982,0.012259945,7991264,0.188187068,3265002,0.274301503,10205985,0.135605487,52057375,0.000632127
28304540,0.004996382,17145127,0.011885962,8120155,0.182850806,3317663,0.266312125,10370598,0.131760328,52897010,0.000612066
28753819,0.00484585,17417272,0.011528835,8249046,0.177738346,3370325,0.258666788,10535211,0.12807643,53736645,0.000592945
29203097,0.00470202,17689417,0.011187565,8377938,0.172837344,3422986,0.251346018,10699823,0.124544899,54576280,0.000574707
29652376,0.0045645,17961562,0.010861227,8506829,0.168136297,3475647,0.2443317,10864436,0.121157448,55415915,0.000557297
30101654,0.004432927,18233707,0.010548962,8635720,0.163624474,3528309,0.237606963,11029049,0.117906343,56255550,0.000540667
30550933,0.004306961,18505852,0.010249973,8764612,0.159291855,3580970,0.231156086,11193661,0.114784365,57095185,0.00052477
31000211,0.00418629,18777997,0.009963518,8893503,0.155129072,3633631,0.224964395,11358274,0.111784764,57934821,0.000509564
31449489,0.004070619,19050142,0.009688906,9022395,0.151127364,3686293,0.219018191,11522887,0.108901228,58774456,0.000495009
31898768,0.003959678,19322286,0.009425492,9151286,0.147278527,3738954,0.213304664,11687499,0.106127844,59614091,0.00048107
32348046,0.003853211,19594431,0.009172677,9280177,0.143574871,3791615,0.207811832,11852112,0.103459072,60453726,0.000467711
32797325,0.003750981,19866576,0.008929899,9409069,0.140009185,3844277,0.202528473,12016725,0.100889716,61293361,0.0004549
33246603,0.003652766,20138721,0.008696633,9537960,0.136574702,3896938,0.197444069,12181337,0.0984149,62132996,0.000442609
33695882,0.003558359,20410866,0.00847239,9666851,0.133265061,3949599,0.192548754,12345950,0.096030041,62972631,0.00043081
34145160,0.003467565,20683011,0.008256709,9795743,0.130074284,4002261,0.187833268,12510563,0.093730832,63812266,0.000419476
34594438,0.003380202,20955156,0.008049161,9924634,0.126996748,4054922,0.183288908,12675175,0.091513219,64651901,0.000408584
35043717,0.0032961,21227301,0.007849342,10053525,0.124027155,4107583,0.178907494,12839788,0.089373388,65491536,0.00039811
35492995,0.003215098,21499445,0.007656871,10182417,0.121160517,4160245,0.174681327,13004401,0.087307741,66331171,0.000388034
35942274,0.003137045,21771590,0.007471395,10311308,0.118392128,4212906,0.170603158,13169013,0.08531289,67170806,0.000378336
36391552,0.003061801,22043735,0.007292577,10440199,0.11571755,4265567,0.166666157,13333626,0.083385636,68010441,0.000368997
36840830,0.002989232,22315880,0.007120103,10569091,0.11313259,4318228,0.162863882,13498239,0.081522959,68850077,0.000359999
37290109,0.002919213,22588025,0.006953676,10697982,0.110633291,4370890,0.159190256,13662851,0.079722005,69689712,0.000351327
37739387,0.002851625,22860170,0.006793016,10826873,0.108215907,4423551,0.15563954,13827464,0.077980078,70529347,0.000342964
38188666,0.002786358,23132315,0.006637861,10955765,0.105876898,4476212,0.15220631,13992077,0.076294625,71368982,0.000334896
38637944,0.002723306,23404460,0.006487962,11084656,0.103612913,4528874,0.148885441,14156689,0.074663232,72208617,0.00032711
39087223,0.002662371,23676604,0.006343084,11213547,0.101420776,4581535,0.145672082,14321302,0.073083611,73048252,0.000319592
39536501,0.002603458,23948749,0.006203004,11342439,0.09929748,4634196,0.142561642,14485915,0.071553594,73887887,0.00031233
39985779,0.002546479,24220894,0.006067515,11471330,0.097240171,4686858,0.139549773,14650527,0.070071127,74727522,0.000305313
40435058,0.00249135,24493039,0.005936416,11600222,0.095246144,4739519,0.136632353,14815140,0.068634258,75567157,0.00029853
40884336,0.002437993,24765184,0.005809521,11729113,0.093312829,4792180,0.133805473,14979753,0.067241137,76406792,0.000291971
41333615,0.002386331,25037329,0.005686652,11858004,0.091437786,4844842,0.131065426,15144365,0.065890006,77246427,0.000285625
41782893,0.002336294,25309474,0.00556764,11986896,0.089618698,4897503,0.128408691,15308978,0.064579194,78086062,0.000279484
42232171,0.002287815,25581619,0.005452325,12115787,0.087853359,4950164,0.125831925,15473591,0.063307112,78925698,0.000273539
42681450,0.002240829,25853764,0.005340556,12244678,0.086139672,5002826,0.123331951,15638203,0.06207225,79765333,0.000267781
43130728,0.002195276,26125908,0.005232189,12373570,0.084475643,5055487,0.120905745,15802816,0.06087317,80604968,0.000262204
43580007,0.002151098,26398053,0.005127087,12502461,0.08285937,5108148,0.118550436,15967429,0.059708502,81444603,0.000256799
44029285,0.00210824,26670198,0.005025121,12631352,0.081289044,5160810,0.116263287,16132041,0.058576942,82284238,0.000251559
44478564,0.002066651,26942343,0.004926167,12760244,0.07976294,5213471,0.114041693,16296654,0.057477248,83123873,0.000246478
44927842,0.00202628,27214488,0.004830106,12889135,0.078279412,5266132,0.111883173,16461267,0.056408233,83963508,0.00024155
45377120,0.00198708,27486633,0.004736829,13018026,0.076836891,5318794,0.109785361,16625879,0.055368767,84803143,0.000236768
45826399,0.001949008,27758778,0.004646228,13146918,0.075433881,5371455,0.107746002,16790492,0.054357771,85642778,0.000232126
46275677,0.001912019,28030923,0.004558201,13275809,0.07406895,5424116,0.105762945,16955105,0.053374214,86482413,0.00022762
46724956,0.001876073,28303067,0.004472653,13404700,0.072740733,5476778,0.103834135,17119717,0.052417113,87322048,0.000223243
47174234,0.001841131,28575212,0.00438949,13533592,0.071447926,5529439,0.101957613,17284330,0.051485527,88161683,0.000218992
47623513,0.001807157,28847357,0.004308626,13662483,0.07018928,5582100,0.100131505,17448943,0.050578558,89001318,0.000214861
48072791,0.001774114,29119502,0.004229976,13791374,0.068963603,5634762,0.09835402,17613555,0.049695345,89840954,0.000210846
48522069,0.001741969,29391647,0.00415346,13920266,0.067769753,5687423,0.096623449,17778168,0.048835066,90680589,0.000206942
48971348,0.00171069,29663792,0.004079001,14049157,0.066606637,5740084,0.094938155,17942781,0.047996934,91520224,0.000203146
49420626,0.001680246,29935937,0.004006527,14178049,0.06547321,5792746,0.093296571,18107393,0.047180195,92359859,0.000199453
49869905,0.001650608,30208082,0.003935967,14306940,0.06436847,5845407,0.0916972,18272006,0.046384127,93199494,0.00019586
50319183,0.001621747,30480226,0.003867255,14435831,0.063291457,5898068,0.090138606,18436619,0.045608039,94039129,0.000192363
50768461,0.001593636,30752371,0.003800327,14564723,0.06224125,5950729,0.088619414,18601231,0.044851267,94878764,0.000188959
51217740,0.00156625,31024516,0.003735121,14693614,0.061216968,6003391,0.087138309,18765844,0.044113175,95718399,0.000185644
51667018,0.001539564,31296661,0.003671579,14822505,0.060217764,6056052,0.085694026,18930457,0.043393155,96558034,0.000182416
52116297,0.001513554,31568806,0.003609645,14951397,0.059242825,6108713,0.084285356,19095069,0.04269062,97397669,0.000179272
52565575,0.001488198,31840951,0.003549265,15080288,0.058291374,6161375,0.082911137,19259682,0.042005009,98237304,0.000176208
53014854,0.001463474,32113096,0.003490388,15209179,0.05736266,6214036,0.081570254,19424295,0.041335783,99076939,0.000173222
53464132,0.00143936,32385241,0.003432963,15338071,0.056455966,6266697,0.08026164,19588907,0.040682424,99916575,0.000170311
53913410,0.001415838,32657385,0.003376944,15466962,0.0555706,6319359,0.078984265,19753520,0.040044434,100756210,0.000167473
54362689,0.001392888,32929530,0.003322285,15595853,0.0547059,6372020,0.077737144,19918133,0.039421334,101595845,0.000164705
54811967,0.001370491,33201675,0.003268943,15724745,0.053861226,6424681,0.076519328,20082745,0.038812666,102435480,0.000162006
55261246,0.00134863,33473820,0.003216875,15853636,0.053035965,6477343,0.075329908,20247358,0.038217987,103275115,0.000159372
55710524,0.001327289,33745965,0.003166041,15982527,0.052229527,6530004,0.074168006,20411971,0.037636871,104114750,0.000156802
56159803,0.001306449,34018110,0.003116403,16111419,0.051441344,6582665,0.07303278,20576583,0.037068909,104954385,0.000154294
56609081,0.001286097,34290255,0.003067922,16240310,0.050670869,6635327,0.071923421,20741196,0.036513707,105794020,0.000151845
57058359,0.001266216,34562400,0.003020565,16369201,0.049917574,6687988,0.070839147,20905809,0.035970886,106633655,0.000149454
57507638,0.001246793,34834545,0.002974296,16498093,0.049180955,6740649,0.069779209,21070421,0.03544008,107473290,0.000147119
57956916,0.001227814,35106689,0.002929081,16626984,0.04846052,6793311,0.068742883,21235034,0.034920938,108312925,0.000144839
58406195,0.001209265,35378834,0.00288489,16755876,0.047755801,6845972,0.067729473,21399647,0.034413119,109152560,0.000142611
58855473,0.001191132,35650979,0.002841692,16884767,0.047066343,6898633,0.06673831,21564259,0.033916297,109992195,0.000140434
59304751,0.001173405,35923124,0.002799456,17013658,0.046391709,6951295,0.065768745,21728872,0.033430158,110831831,0.000138306
59754030,0.00115607,36195269,0.002758155,17142550,0.045731476,7003956,0.064820157,21893485,0.032954396,111671466,0.000136227
60203308,0.001139117,36467414,0.002717762,17271441,0.045085239,7056617,0.063891943,22058097,0.032488718,112511101,0.000134194
60652587,0.001122534,36739559,0.002678249,17400332,0.044452603,7109279,0.062983526,22222710,0.032032842,113350736,0.000132206
61101865,0.00110631,37011704,0.002639592,17529224,0.04383319,7161940,0.062094347,22387323,0.031586494,114190371,0.000130262
61551144,0.001090436,37283848,0.002601766,17658115,0.043226634,7214601,0.061223864,22551935,0.031149411,115030006,0.000128361
62000422,0.001074901,37555993,0.002564747,17787006,0.042632582,7267263,0.060371559,22716548,0.030721338,115869641,0.000126501
62449700,0.001059695,37828138,0.002528513,17915898,0.042050692,7319924,0.059536929,22881161,0.030302028,116709276,0.000124681
62898979,0.00104481,38100283,0.002493041,18044789,0.041480635,7372585,0.058719487,23045773,0.029891246,117548911,0.0001229
63348257,0.001030237,38372428,0.00245831,18173680,0.040922091,7425247,0.057918767,23210386,0.02948876,118388546,0.000121157
63797536,0.001015966,38644573,0.0024243,18302572,0.040374754,7477908,0.057134313,23374999,0.029094348,119228181,0.000119451
64246814,0.001001989,38916718,0.002390991,18431463,0.039838324,7530569,0.056365689,23539611,0.028707798,120067816,0.000117781
64696092,0.000988299,39188863,0.002358364,18560354,0.039312515,7583231,0.055612473,23704224,0.0283289,120907452,0.000116145
65145371,0.000974888,39461007,0.0023264,18689246,0.038797047,7635892,0.054874253,23868837,0.027957454,121747087,0.000114543
65594649,0.000961748,39733152,0.002295082,18818137,0.038291651,7688553,0.054150636,24033449,0.027593266,122586722,0.000112975
66043928,0.000948872,40005297,0.002264391,18947028,0.037796067,7741214,0.053441239,24198062,0.027236148,123426357,0.000111438
66493206,0.000936252,40277442,0.002234313,19075920,0.037310043,7793876,0.052745691,24362675,0.026885918,124265992,0.000109932
66942485,0.000923883,40549587,0.002204829,19204811,0.036833333,7846537,0.052063634,24527287,0.026542401,125105627,0.000108457
67391763,0.000911757,40821732,0.002175926,19333703,0.036365701,7899198,0.051394722,24691900,0.026205425,125945262,0.000107011
67841041,0.000899869,41093877,0.002147587,19462594,0.035906919,7951860,0.050738618,24856513,0.025874827,126784897,0.000105594
68290320,0.000888211,41366022,0.002119798,19591485,0.035456764,8004521,0.050094999,25021125,0.025550445,127624532,0.000104204
68739598,0.000876778,41638166,0.002092545,19720377,0.035015022,8057182,0.049463549,25185738,0.025232125,128464167,0.000102842
69188877,0.000865565,41910311,0.002065814,19849268,0.034581484,8109844,0.048843963,25350351,0.024919717,129303802,0.000101507
69638155,0.000854566,42182456,0.002039592,19978159,0.034155948,8162505,0.048235947,25514963,0.024613075,130143437,0.000100197
70087434,0.000843775,42454601,0.002013866,20107051,0.033738218,8215166,0.047639213,25679576,0.024312058,130983072,9.8913E-05
70536712,0.000833187,42726746,0.001988624,20235942,0.033328105,8267828,0.047053484,25844189,0.02401653,131822708,9.76531E-05
70985990,0.000822797,42998891,0.001963854,20364833,0.032925425,8320489,0.046478492,26008801,0.023726359,132662343,9.64172E-05
71435269,0.0008126,43271036,0.001939543,20493725,0.032529999,8373150,0.045913976,26173414,0.023441414,133501978,9.52046E-05
71884547,0.000802591,43543181,0.001915681,20622616,0.032141654,8425812,0.045359682,26338027,0.023161572,134341613,9.40147E-05
72333826,0.000792767,43815326,0.001892257,20751507,0.031760222,8478473,0.044815366,26502639,0.022886711,135181248,9.28469E-05
72783104,0.000783121,44087470,0.00186926,20880399,0.03138554,8531134,0.044280788,26667252,0.022616714,136020883,9.17008E-05
73232382,0.000773651,44359615,0.001846679,21009290,0.031017449,8583796,0.043755719,26831865,0.022351467,136860518,9.05758E-05
73681661,0.000764351,44631760,0.001824506,21138181,0.030655796,8636457,0.043239934,26996477,0.022090858,137700153,8.94714E-05
74130939,0.000755218,44903905,0.001802729,21267073,0.030300431,8689118,0.042733216,27161090,0.021834782,138539788,8.8387E-05
74580218,0.000746248,45176050,0.00178134,21395964,0.02995121,8741780,0.042235353,27325703,0.021583132,139379423,8.73223E-05
75029496,0.000737437,45448195,0.001760329,21524855,0.029607991,8794441,0.04174614,27490315,0.021335808,140219058,8.62766E-05
75478775,0.000728781,45720340,0.001739688,21653747,0.029270638,8847102,0.041265378,27654928,0.02109271,141058693,8.52496E-05
75928053,0.000720276,45992485,0.001719407,21782638,0.028939019,8899764,0.040792873,27819541,0.020853744,141898329,8.42409E-05
76377331,0.000711919,46264629,0.00169948,21911530,0.028613003,8952425,0.040328438,27984153,0.020618816,142737964,8.325E-05
76826610,0.000703707,46536774,0.001679896,22040421,0.028292466,9005086,0.03987189,28148766,0.020387836,143577599,8.22764E-05
77275888,0.000695636,46808919,0.00166065,22169312,0.027977285,9057748,0.03942305,28313379,0.020160715,144417234,8.13198E-05
77725167,0.000687704,47081064,0.001641732,22298204,0.027667341,9110409,0.038981747,28477991,0.019937369,145256869,8.03798E-05
78174445,0.000679906,47353209,0.001623135,22427095,0.027362519,9163070,0.038547812,28642604,0.019717714,146096504,7.9456E-05
78623724,0.00067224,47625354,0.001604853,22555986,0.027062708,9215732,0.038121084,28807217,0.019501668,146936139,7.85481E-05
79073002,0.000664703,47897499,0.001586878,22684878,0.026767797,9268393,0.037701402,28971829,0.019289154,147775774,7.76556E-05
79522280,0.000657292,48169644,0.001569203,22813769,0.026477681,9321054,0.037288612,29136442,0.019080095,148615409,7.67782E-05
79971559,0.000650004,48441788,0.001551822,22942660,0.026192255,9373715,0.036882566,29301055,0.018874417,149455044,7.59157E-05
80420837,0.000642837,48713933,0.001534728,23071552,0.025911421,9426377,0.036483115,29465667,0.018672046,150294679,7.50675E-05
80870116,0.000635788,48986078,0.001517915,23200443,0.025635078,9479038,0.036090119,29630280,0.018472913,151134314,7.42336E-05
81319394,0.000628854,49258223,0.001501377,23329334,0.025363133,9531699,0.035703439,29794893,0.018276948,151973949,7.34134E-05
81768672,0.000622032,49530368,0.001485108,23458226,0.025095493,9584361,0.03532294,29959505,0.018084085,152813585,7.26068E-05
82217951,0.000615322,49802513,0.001469101,23587117,0.024832067,9637022,0.034948492,30124118,0.017894259,153653220,7.18133E-05
82667229,0.000608719,50074658,0.001453352,23716008,0.024572767,9689683,0.034579966,30288731,0.017707406,154492855,7.10328E-05
83116508,0.000602222,50346803,0.001437855,23844900,0.024317507,9742345,0.034217239,30453343,0.017523465,155332490,7.0265E-05
83565786,0.000595828,50618947,0.001422604,23973791,0.024066204,9795006,0.033860189,30617956,0.017342374,156172125,6.95096E-05
84015065,0.000589536,50891092,0.001407595,24102682,0.023818776,9847667,0.033508699,30782569,0.017164077,157011760,6.87662E-05
84464343,0.000583343,51163237,0.001392822,24231574,0.023575145,9900329,0.033162654,30947181,0.016988515,157851395,6.80348E-05
84913621,0.000577247,51435382,0.001378281,24360465,0.023335233,9952990,0.032821942,31111794,0.016815633,158691030,6.73149E-05
85362900,0.000571246,51707527,0.001363966,24489357,0.023098965,10005651,0.032486453,31276407,0.016645377,159530665,6.66064E-05
85812178,0.000565338,51979672,0.001349873,24618248,0.022866266,10058313,0.032156082,31441019,0.016477693,160370300,6.5909E-05
86261457,0.000559521,52251817,0.001335997,24747139,0.022637067,10110974,0.031830725,31605632,0.016312531,161209935,6.52225E-05
86710735,0.000553794,52523962,0.001322334,24876031,0.022411296,10163635,0.031510282,31770245,0.016149839,162049570,6.45467E-05
87160013,0.000548154,52796107,0.001308879,25004922,0.022188886,10216297,0.031194653,31934857,0.015989569,162889206,6.38814E-05
87609292,0.0005426,53068251,0.001295629,25133813,0.02196977,10268958,0.030883742,32099470,0.015831673,163728841,6.32263E-05
88058570,0.000537129,53340396,0.001282579,25262705,0.021753885,10321619,0.030577457,32264083,0.015676105,164568476,6.25812E-05
88507849,0.000531741,53612541,0.001269725,25391596,0.021541165,10374281,0.030275706,32428695,0.015522818,165408111,6.19459E-05
88957127,0.000526434,53884686,0.001257064,25520487,0.021331551,10426942,0.029978399,32593308,0.015371769,166247746,6.13203E-05
89406406,0.000521206,54156831,0.001244591,25649379,0.021124982,10479603,0.02968545,32757921,0.015222913,167087381,6.0704E-05
89855684,0.000516055,54428976,0.001232302,25778270,0.020921398,10532265,0.029396775,32922533,0.01507621,167927016,6.00971E-05
90304962,0.000510981,54701121,0.001220195,25907161,0.020720743,10584926,0.02911229,33087146,0.014931617,168766651,5.94991E-05
