Year,Tonnes/hectare/year Loblolly pine,Tonnes/hectare/year Ponderosa pine,Tonnes/hectare/year Black walnut,Tonnes/hectare/year Loblolly pine  10 yr,Tonnes/hectare/year Ponderosa pine  10 yr,Tonnes/hectare/year Black walnut  10 yr,Tonnes/hectare/year Loblolly pine  24 yr,Tonnes/hectare/year Ponderosa pine  103 yr,Tonnes/hectare/year Black walnut  55 yr
0,0,0,0,0,0,0,0,0,0
1,0.750967271,0.493172536,0.591807043,0.750967271,0.493172536,0.591807043,0.750967271,0.493172536,0.591807043
2,1.501934542,0.986345072,1.183614086,1.501934542,0.986345072,1.183614086,1.501934542,0.986345072,1.183614086
3,2.252901812,1.479517608,1.77542113,2.252901812,1.479517608,1.77542113,2.252901812,1.479517608,1.77542113
4,3.003869083,1.972690144,2.367228173,3.003869083,1.972690144,2.367228173,3.003869083,1.972690144,2.367228173
5,3.754836354,2.46586268,2.959035216,3.754836354,2.46586268,2.959035216,3.754836354,2.46586268,2.959035216
6,4.304051224,2.47931284,2.990418923,4.304051224,2.47931284,2.990418923,4.304051224,2.47931284,2.990418923
7,4.853266093,2.495004694,3.02180263,4.853266093,2.495004694,3.02180263,4.853266093,2.495004694,3.02180263
8,5.402480963,2.508454854,3.053186337,5.402480963,2.508454854,3.053186337,5.402480963,2.508454854,3.053186337
9,5.951695833,2.521905014,3.084570044,5.951695833,2.521905014,3.084570044,5.951695833,2.521905014,3.084570044
10,6.500910702,2.537596867,3.11595375,6.500910702,2.537596867,3.11595375,6.500910702,2.537596867,3.11595375
11,7.050125572,2.551047027,3.149579151,0,0,0,7.050125572,2.551047027,3.149579151
12,7.599340442,2.566738881,3.180962857,0,0,0,7.599340442,2.566738881,3.180962857
13,8.148555311,2.580189041,3.212346564,0,0,0,8.148555311,2.580189041,3.212346564
14,8.697770181,2.593639201,3.243730271,0,0,0,8.697770181,2.593639201,3.243730271
15,9.246985051,2.609331054,3.275113978,0,0,0,9.246985051,2.609331054,3.275113978
16,9.79619992,2.622781214,3.306497685,0,0,0,9.79619992,2.622781214,3.306497685
17,9.403903585,2.752799428,3.335639698,0,0,0,9.403903585,2.752799428,3.335639698
18,9.011607249,2.882817642,3.362540018,0,0,0,9.011607249,2.882817642,3.362540018
19,8.619310914,3.012835856,3.391682032,0,0,0,8.619310914,3.012835856,3.391682032
20,8.227014578,3.142854071,3.418582352,0,0,0,8.227014578,3.142854071,3.418582352
21,7.834718243,3.272872285,3.447724366,0,0,0,7.834718243,3.272872285,3.447724366
22,7.442421907,3.402890499,3.474624686,0,0,0,7.442421907,3.402890499,3.474624686
23,7.050125572,3.532908713,3.503766699,0,0,0,7.050125572,3.532908713,3.503766699
24,6.657829236,3.662926927,3.530667019,0,0,0,6.657829236,3.662926927,3.530667019
25,6.265532901,3.792945141,3.559809033,0,0,0,0,3.792945141,3.559809033
26,5.873236565,3.922963355,3.586709353,0,0,0,0,3.922963355,3.586709353
27,5.718559725,3.972280608,3.573259193,0,0,0,0,3.972280608,3.573259193
28,5.563882884,4.021597862,3.562050726,0,0,0,0,4.021597862,3.562050726
29,5.409206043,4.073156809,3.548600566,0,0,0,0,4.073156809,3.548600566
30,5.254529202,4.122474063,3.537392099,0,0,0,0,4.122474063,3.537392099
31,5.102094055,4.171791316,3.523941939,0,0,0,0,4.171791316,3.523941939
32,4.947417214,4.22110857,3.512733473,0,0,0,0,4.22110857,3.512733473
33,4.792740373,4.272667517,3.499283312,0,0,0,0,4.272667517,3.499283312
34,4.638063532,4.32198477,3.488074846,0,0,0,0,4.32198477,3.488074846
35,4.483386691,4.371302024,3.474624686,0,0,0,0,4.371302024,3.474624686
36,4.407169117,4.456486371,3.474624686,0,0,0,0,4.456486371,3.474624686
37,4.330951544,4.541670718,3.474624686,0,0,0,0,4.541670718,3.474624686
38,4.25473397,4.626855065,3.474624686,0,0,0,0,4.626855065,3.474624686
39,4.178516396,4.712039412,3.474624686,0,0,0,0,4.712039412,3.474624686
40,4.102298822,4.79722376,3.474624686,0,0,0,0,4.79722376,3.474624686
41,4.026081249,4.882408107,3.474624686,0,0,0,0,4.882408107,3.474624686
42,3.949863675,4.967592454,3.474624686,0,0,0,0,4.967592454,3.474624686
43,3.873646101,5.052776801,3.474624686,0,0,0,0,5.052776801,3.474624686
44,3.797428527,5.137961148,3.474624686,0,0,0,0,5.137961148,3.474624686
45,3.721210954,5.223145495,3.474624686,0,0,0,0,5.223145495,3.474624686
46,3.674135393,5.261254282,3.452207752,0,0,0,0,5.261254282,3.452207752
47,3.627059833,5.299363069,3.429790819,0,0,0,0,5.299363069,3.429790819
48,3.579984273,5.337471856,3.407373885,0,0,0,0,5.337471856,3.407373885
49,3.532908713,5.375580643,3.384956952,0,0,0,0,5.375580643,3.384956952
50,3.485833152,5.41368943,3.362540018,0,0,0,0,5.41368943,3.362540018
51,3.438757592,5.451798216,3.340123085,0,0,0,0,5.451798216,3.340123085
52,3.391682032,5.489907003,3.317706151,0,0,0,0,5.489907003,3.317706151
53,3.344606472,5.52801579,3.295289218,0,0,0,0,5.52801579,3.295289218
54,3.297530911,5.566124577,3.272872285,0,0,0,0,5.566124577,3.272872285
55,3.250455351,5.604233364,3.250455351,0,0,0,0,5.604233364,3.250455351
56,3.08232835,5.684934324,3.234763498,0,0,0,0,5.684934324,0
57,2.911959656,5.767876978,3.219071644,0,0,0,0,5.767876978,0
58,2.743832655,5.848577939,3.205621484,0,0,0,0,5.848577939,0
59,2.573463961,5.929278899,3.189929631,0,0,0,0,5.929278899,0
60,2.40533696,6.012221553,3.174237777,0,0,0,0,6.012221553,0
61,2.234968266,6.092922513,3.158545924,0,0,0,0,6.092922513,0
62,2.066841265,6.175865167,3.142854071,0,0,0,0,6.175865167,0
63,1.89647257,6.256566128,3.127162217,0,0,0,0,6.256566128,0
64,1.728345569,6.337267088,3.113712057,0,0,0,0,6.337267088,0
65,1.557976875,6.420209742,3.098020204,0,0,0,0,6.420209742,0
66,1.389849874,6.500910702,3.08232835,0,0,0,0,6.500910702,0
67,1.309148914,6.451593449,3.033011097,0,0,0,0,6.451593449,0
68,1.230689647,6.402276195,2.985935536,0,0,0,0,6.402276195,0
69,1.149988686,6.350717248,2.936618283,0,0,0,0,6.350717248,0
70,1.071529419,6.301399994,2.887301029,0,0,0,0,6.301399994,0
71,0.990828459,6.252082741,2.840225469,0,0,0,0,6.252082741,0
72,0.912369192,6.202765487,2.790908215,0,0,0,0,6.202765487,0
73,0.831668231,6.15120654,2.741590962,0,0,0,0,6.15120654,0
74,0.753208964,6.101889287,2.694515401,0,0,0,0,6.101889287,0
75,0.672508004,6.052572033,2.645198148,0,0,0,0,6.052572033,0
76,0.659057844,6.03688018,2.604847668,0,0,0,0,6.03688018,0
77,0.645607684,6.021188326,2.564497187,0,0,0,0,6.021188326,0
78,0.632157523,6.005496473,2.524146707,0,0,0,0,6.005496473,0
79,0.618707363,5.989804619,2.483796227,0,0,0,0,5.989804619,0
80,0.605257203,5.974112766,2.443445747,0,0,0,0,5.974112766,0
81,0.591807043,5.958420913,2.403095266,0,0,0,0,5.958420913,0
82,0.578356883,5.942729059,2.362744786,0,0,0,0,5.942729059,0
83,0.564906723,5.927037206,2.322394306,0,0,0,0,5.927037206,0
84,0.551456563,5.911345352,2.282043826,0,0,0,0,5.911345352,0
85,0.538006403,5.895653499,2.241693346,0,0,0,0,5.895653499,0
86,0.526797936,5.855303019,2.214793025,0,0,0,0,5.855303019,0
87,0.515589469,5.814952538,2.185651012,0,0,0,0,5.814952538,0
88,0.506622696,5.774602058,2.158750692,0,0,0,0,5.774602058,0
89,0.495414229,5.734251578,2.129608678,0,0,0,0,5.734251578,0
90,0.484205763,5.693901098,2.102708358,0,0,0,0,5.693901098,0
91,0.472997296,5.653550618,2.073566345,0,0,0,0,5.653550618,0
92,0.461788829,5.613200137,2.046666025,0,0,0,0,5.613200137,0
93,0.452822056,5.572849657,2.017524011,0,0,0,0,5.572849657,0
94,0.441613589,5.532499177,1.990623691,0,0,0,0,5.532499177,0
95,0.430405122,5.492148697,1.961481677,0,0,0,0,5.492148697,0
96,0.421438349,5.402480963,1.941306437,0,0,0,0,5.402480963,0
97,0.412471576,5.312813229,1.918889504,0,0,0,0,5.312813229,0
98,0.403504802,5.223145495,1.898714264,0,0,0,0,5.223145495,0
99,0.396779722,5.133477761,1.87629733,0,0,0,0,5.133477761,0
100,0.387812949,5.043810028,1.85612209,0,0,0,0,5.043810028,0
101,0.378846175,4.954142294,1.833705157,0,0,0,0,4.954142294,0
102,0.369879402,4.86447456,1.813529917,0,0,0,0,4.86447456,0
103,0.360912629,4.774806826,1.791112983,0,0,0,0,4.774806826,0
104,0.351945855,4.685139092,1.770937743,0,0,0,0,0,0
105,0.345220775,4.595471358,1.74852081,0,0,0,0,0,0
106,0.338495695,4.499078545,1.726103876,0,0,0,0,0,0
107,0.329528922,4.402685731,1.703686943,0,0,0,0,0,0
108,0.322803842,4.306292917,1.681270009,0,0,0,0,0,0
109,0.316078762,4.209900103,1.658853076,0,0,0,0,0,0
110,0.309353682,4.113507289,1.636436142,0,0,0,0,0,0
111,0.302628602,4.017114475,1.614019209,0,0,0,0,0,0
112,0.295903522,3.920721661,1.591602275,0,0,0,0,0,0
113,0.289178442,3.824328848,1.569185342,0,0,0,0,0,0
114,0.282453362,3.727936034,1.546768408,0,0,0,0,0,0
115,0.275728282,3.63154322,1.524351475,0,0,0,0,0,0
116,0.269003201,3.546358873,1.508659622,0,0,0,0,0,0
117,0.264519815,3.461174526,1.492967768,0,0,0,0,0,0
118,0.260036428,3.375990178,1.477275915,0,0,0,0,0,0
119,0.253311348,3.290805831,1.461584061,0,0,0,0,0,0
120,0.248827961,3.205621484,1.445892208,0,0,0,0,0,0
121,0.242102881,3.120437137,1.430200354,0,0,0,0,0,0
122,0.237619495,3.03525279,1.414508501,0,0,0,0,0,0
123,0.230894415,2.950068443,1.398816648,0,0,0,0,0,0
124,0.226411028,2.864884096,1.383124794,0,0,0,0,0,0
125,0.219685948,2.779699749,1.367432941,0,0,0,0,0,0
126,0.215202561,2.730382495,1.353982781,0,0,0,0,0,0
127,0.210719174,2.681065241,1.340532621,0,0,0,0,0,0
128,0.206235788,2.631747988,1.327082461,0,0,0,0,0,0
129,0.201752401,2.582430734,1.313632301,0,0,0,0,0,0
130,0.197269014,2.533113481,1.30018214,0,0,0,0,0,0
131,0.195027321,2.483796227,1.28673198,0,0,0,0,0,0
132,0.190543934,2.434478973,1.27328182,0,0,0,0,0,0
133,0.186060548,2.38516172,1.25983166,0,0,0,0,0,0
134,0.181577161,2.335844466,1.2463815,0,0,0,0,0,0
135,0.177093774,2.286527213,1.23293134,0,0,0,0,0,0
136,0.172610388,2.250660119,1.221722873,0,0,0,0,0,0
137,0.168127001,2.214793025,1.210514407,0,0,0,0,0,0
138,0.165885308,2.178925932,1.19930594,0,0,0,0,0,0
139,0.161401921,2.143058838,1.188097473,0,0,0,0,0,0
140,0.159160228,2.107191745,1.176889006,0,0,0,0,0,0
141,0.154676841,2.071324651,1.16568054,0,0,0,0,0,0
142,0.152435148,2.035457558,1.154472073,0,0,0,0,0,0
143,0.147951761,1.999590464,1.143263606,0,0,0,0,0,0
144,0.143468374,1.963723371,1.13205514,0,0,0,0,0,0
145,0.141226681,1.927856277,1.120846673,0,0,0,0,0,0
146,0.138984987,1.874055637,1.109638206,0,0,0,0,0,0
147,0.134501601,1.820254997,1.098429739,0,0,0,0,0,0
148,0.132259907,1.766454356,1.087221273,0,0,0,0,0,0
149,0.130018214,1.712653716,1.076012806,0,0,0,0,0,0
150,0.127776521,1.658853076,1.064804339,0,0,0,0,0,0
151,0.123293134,1.605052435,1.053595872,0,0,0,0,0,0
152,0.121051441,1.551251795,1.042387406,0,0,0,0,0,0
153,0.118809747,1.497451155,1.031178939,0,0,0,0,0,0
154,0.116568054,1.443650515,1.019970472,0,0,0,0,0,0
155,0.112084667,1.389849874,1.008762006,0,0,0,0,0,0
